a,la
<http://bk.sport.owl#dejan-lovren>,"dejan lovren"@en
<http://bk.sport.owl#dejan-lovren>,"Dejan Lovren"@en
<http://bk.sport.owl#dejan-lovren>,"Lovren"
<http://bk.sport.owl#vincent-laurini>,"Vincent Laurini"@en
<http://bk.sport.owl#vincent-laurini>,"vincent laurini"@en
<http://bk.sport.owl#vincent-laurini>,"Laurini"
<http://bk.sport.owl#nathan-redmond>,"nathan redmond"@en
<http://bk.sport.owl#nathan-redmond>,"Nathan Redmond"@en
<http://bk.sport.owl#nathan-redmond>,"Redmond"
<http://bk.sport.owl#andrea-ranocchia>,"Andrea Ranocchia"@en
<http://bk.sport.owl#andrea-ranocchia>,"andrea ranocchia"@en
<http://bk.sport.owl#andrea-ranocchia>,"Ranocchia"
<http://bk.sport.owl#kepa>,"kepa"@en
<http://bk.sport.owl#kepa>,"Kepa"@en
<http://bk.sport.owl#marc-albrighton>,"marc albrighton"@en
<http://bk.sport.owl#marc-albrighton>,"Marc Albrighton"@en
<http://bk.sport.owl#marc-albrighton>,"Albrighton"
<http://bk.sport.owl#south-american-football-confederation>,"South American Football Confederation"@en
<http://bk.sport.owl#ben-amos>,"Ben Amos"@en
<http://bk.sport.owl#shay-given>,"Shay Given"@en
<http://bk.sport.owl#shay-given>,"Given"
<http://bk.sport.owl#ali-al-habsi>,"Ali Al Habsi"@en
<http://bk.sport.owl#gary-medel>,"gary medel"@en
<http://bk.sport.owl#gary-medel>,"Gary Medel"@en
<http://bk.sport.owl#gary-medel>,"Medel"
<http://bk.sport.owl#adama-traore>,"Adama Traore"@en
<http://bk.sport.owl#adama-traore>,"adama traore"@en
<http://bk.sport.owl#sebastian-giovinco>,"Sebastian Giovinco"@en
<http://bk.sport.owl#hannover-96>,"Hannover 96"@en
<http://bk.sport.owl#mats-hummels>,"mats hummels"@en
<http://bk.sport.owl#mats-hummels>,"Mats Hummels"@en
<http://bk.sport.owl#mats-hummels>,"Hummels"
<http://bk.sport.owl#allianz-stadium-stadium>,"Allianz Stadium"@en
<http://bk.sport.owl#raphael-varane>,"raphael varane"@en
<http://bk.sport.owl#karim-benzema>,"Karim Benzema"@en
<http://bk.sport.owl#karim-benzema>,"karim benzema"@en
<http://bk.sport.owl#karim-benzema>,"Benzema"
<http://bk.sport.owl#jermaine-pennant>,"Jermaine Pennant"@en
<http://bk.sport.owl#cesc-fabregas>,"Cesc F\u00C3\u00A0bregas"@en
<http://bk.sport.owl#cesc-fabregas>,"cesc fabregas"@en
<http://bk.sport.owl#cesc-fabregas>,"Cesc Fabregas"@en
<http://bk.sport.owl#mauro-icardi>,"mauro icardi"@en
<http://bk.sport.owl#mauro-icardi>,"Mauro Icardi"@en
<http://bk.sport.owl#mauro-icardi>,"Icardi"
<http://bk.sport.owl#sergio-ramos>,"Sergio Ramos"@en
<http://bk.sport.owl#sergio-ramos>,"sergio ramos"@en
<http://bk.sport.owl#sergio-ramos>,"Ramos"
<http://bk.sport.owl#westham>,"West Ham"@en
<http://bk.sport.owl#joe-allen>,"Joe Allen"@en
<http://bk.sport.owl#joe-allen>,"Allen"
<http://bk.sport.owl#kolo-toure>,"Kolo Toure"@en
<http://bk.sport.owl#felix-kroos>,"Felix Kroos"@en
<http://bk.sport.owl#felix-kroos>,"Kroos"
<http://bk.sport.owl#theo-walcott>,"theo walcott"@en
<http://bk.sport.owl#theo-walcott>,"Theo Walcott"@en
<http://bk.sport.owl#theo-walcott>,"Walcott"
<http://bk.sport.owl#jose-holebas>,"jose holebas"@en
<http://bk.sport.owl#sc-freiburg>,"SC Freiburg"@en
<http://bk.sport.owl#arsene-wenger>,"Arsene Wenger"@en
<http://bk.sport.owl#tito>,"tito"@en
<http://bk.sport.owl#tito>,"Tito"@en
<http://bk.sport.owl#tito>,"Tito"
<http://bk.sport.owl#kieran-trippier>,"kieran trippier"@en
<http://bk.sport.owl#kieran-trippier>,"Kieran Trippier"@en
<http://bk.sport.owl#kieran-trippier>,"Trippier"
<http://bk.sport.owl#kasper-schmeichel>,"Kasper Schmeichel"@en
<http://bk.sport.owl#kasper-schmeichel>,"kasper schmeichel"@en
<http://bk.sport.owl#kasper-schmeichel>,"Schmeichel"
<http://bk.sport.owl#ricky-van-wolfswinkel>,"Wolfswinkel"
<http://bk.sport.owl#ricky-van-wolfswinkel>,"ricky van wolfswinkel"@en
<http://bk.sport.owl#ricky-van-wolfswinkel>,"Ricky van Wolfswinkel"@en
<http://bk.sport.owl#angel-di-maria>,"angel di maria"@en
<http://bk.sport.owl#angel-di-maria>,"Angel Di Maria"@en
<http://bk.sport.owl#loic-remy>,"Loic Remy"@en
<http://bk.sport.owl#loic-remy>,"loic remy"@en
<http://bk.sport.owl#bolton-wanderers-fc>,"Bolton Wanderers"@en
<http://bk.sport.owl#rajiv-van-la-parra>,"Rajiv Van La Parra"@en
<http://bk.sport.owl#rajiv-van-la-parra>,"Rajiv van La Parra"@en
<http://bk.sport.owl#jonathan-bamba>,"jonathan bamba"@en
<http://bk.sport.owl#jonathan-bamba>,"Jonathan Bamba"@en
<http://bk.sport.owl#jonathan-bamba>,"Bamba"
<http://bk.sport.owl#jordan-ayew>,"jordan ayew"@en
<http://bk.sport.owl#jordan-ayew>,"Jordan Ayew"@en
<http://bk.sport.owl#jordan-ayew>,"Ayew"
<http://bk.sport.owl#eder>,"eder"@en
<http://bk.sport.owl#eder>,"Eder"@en
<http://bk.sport.owl#swansea-city>,"Swansea City"@en
<http://bk.sport.owl#adam-lallana>,"Adam Lallana"@en
<http://bk.sport.owl#adam-lallana>,"adam lallana"@en
<http://bk.sport.owl#adam-lallana>,"Lallana"
<http://bk.sport.owl#paulo-dybala>,"Paulo Dybala"@en
<http://bk.sport.owl#paulo-dybala>,"paulo dybala"@en
<http://bk.sport.owl#paulo-dybala>,"Dybala"
<http://bk.sport.owl#claudio-bravo>,"claudio bravo"@en
<http://bk.sport.owl#claudio-bravo>,"Claudio Bravo"@en
<http://bk.sport.owl#claudio-bravo>,"Bravo"
<http://bk.sport.owl#claudio-marchisio>,"Claudio Marchisio"@en
<http://bk.sport.owl#claudio-marchisio>,"claudio marchisio"@en
<http://bk.sport.owl#claudio-marchisio>,"Marchisio"
<http://bk.sport.owl#mario-gotze>,"Mario G\u00C3\u00B6tze"@en
<http://bk.sport.owl#mario-gotze>,"mario gotze"@en
<http://bk.sport.owl#mario-gotze>,"Gotze"
<http://bk.sport.owl#matt-doherty>,"matt doherty"@en
<http://bk.sport.owl#matt-doherty>,"Matt Doherty"@en
<http://bk.sport.owl#callum-o'dowda>,"Callum O'Dowda"@en
<http://bk.sport.owl#jose-mourinho>,"Jose Mourinho"@en
<http://bk.sport.owl#etihad-football-stadium>,"Etihad Stadium"@en
<http://bk.sport.owl#bolton>,"PortoBolton"@en
<http://bk.sport.owl#ipswich>,"Ipswich"@en
<http://bk.sport.owl#troy-deeney>,"Troy Deeney"@en
<http://bk.sport.owl#troy-deeney>,"troy deeney"@en
<http://bk.sport.owl#troy-deeney>,"Deeney"
<http://bk.sport.owl#jose-mauri>,"jose mauri"@en
<http://bk.sport.owl#leeds-united>,"Leeds United"@en
<http://bk.sport.owl#fraser-forster>,"Fraser Forster"@en
<http://bk.sport.owl#fraser-forster>,"fraser forster"@en
<http://bk.sport.owl#fraser-forster>,"Forster"
<http://bk.sport.owl#nathan>,"nathan"@en
<http://bk.sport.owl#nathan>,"Nathan"@en
<http://bk.sport.owl#antonio-barragan>,"antonio barragan"@en
<http://bk.sport.owl#brentford-fc>,"Brentford"@en
<http://bk.sport.owl#ahmed-musa>,"Ahmed Musa"@en
<http://bk.sport.owl#falcao>,"falcao"@en
<http://bk.sport.owl#falcao>,"Falcao"@en
<http://bk.sport.owl#falcao>,"Falcao"
<http://bk.sport.owl#stadium-of-light-football-stadium>,"Stadium of Light"@en
<http://bk.sport.owl#tiemoue-bakayoko>,"Tiemoue Bakayoko"@en
<http://bk.sport.owl#tiemoue-bakayoko>,"tiemoue bakayoko"@en
<http://bk.sport.owl#john-terry>,"John Terry"@en
<http://bk.sport.owl#john-terry>,"Terry"
<http://bk.sport.owl#vfl-wolfsburg-fc>,"VfL Wolfsburg"@en
<http://bk.sport.owl#simone-zaza>,"simone zaza"@en
<http://bk.sport.owl#simone-zaza>,"Simone Zaza"@en
<http://bk.sport.owl#simone-zaza>,"Zaza"
<http://bk.sport.owl#marco-asensio>,"marco asensio"@en
<http://bk.sport.owl#marco-asensio>,"Marco Asensio"@en
<http://bk.sport.owl#marco-asensio>,"Asensio"
<http://bk.sport.owl#jonathan>,"Jonathan"@en
<http://bk.sport.owl#pirmin-schwegler>,"Pirmin Schwegler"@en
<http://bk.sport.owl#pirmin-schwegler>,"pirmin schwegler"@en
<http://bk.sport.owl#pirmin-schwegler>,"Schwegler"
<http://bk.sport.owl#mohamed-salah>,"mohamed salah"@en
<http://bk.sport.owl#mohamed-salah>,"Mohamed Salah"@en
<http://bk.sport.owl#mohamed-salah>,"Salah"
<http://bk.sport.owl#fabian-delph>,"Fabian Delph"@en
<http://bk.sport.owl#fabian-delph>,"fabian delph"@en
<http://bk.sport.owl#fabian-delph>,"Delph"
<http://bk.sport.owl#aaron-wan-bissaka>,"Aaron Wan-Bissaka"@en
<http://bk.sport.owl#aaron-wan-bissaka>,"aaron wan bissaka"@en
<http://bk.sport.owl#lukasz-piszczek>,"Lukasz Piszczek"@en
<http://bk.sport.owl#lukasz-piszczek>,"lukasz piszczek"@en
<http://bk.sport.owl#lukasz-piszczek>,"Piszczek"
<http://bk.sport.owl#valentin-vada>,"valentin vada"@en
<http://bk.sport.owl#thiago-silva>,"Thiago Silva"@en
<http://bk.sport.owl#thiago-silva>,"thiago silva"@en
<http://bk.sport.owl#thiago-silva>,"Silva"
<http://bk.sport.owl#laurent-koscielny>,"laurent koscielny"@en
<http://bk.sport.owl#laurent-koscielny>,"Laurent Koscielny"@en
<http://bk.sport.owl#laurent-koscielny>,"Koscielny"
<http://bk.sport.owl#sam-johnstone>,"Sam Johnstone"@en
<http://bk.sport.owl#sam-johnstone>,"Johnstone"
<http://bk.sport.owl#ethan-horvath>,"Ethan Horvath"@en
<http://bk.sport.owl#ethan-horvath>,"ethan horvath"@en
<http://bk.sport.owl#kevin-prince-boateng>,"Kevin-Prince Boateng"@en
<http://bk.sport.owl#kevin-prince-boateng>,"kevin prince boateng"@en
<http://bk.sport.owl#kevin-prince-boateng>,"Boateng"
<http://bk.sport.owl#wolverhampton-wanderers-fc>,"Wolverhampton Wanderers"@en
<http://bk.sport.owl#tomas-rogic>,"Tomas Rogic"@en
<http://bk.sport.owl#moussa-sissoko>,"moussa sissoko"@en
<http://bk.sport.owl#moussa-sissoko>,"Moussa Sissoko"@en
<http://bk.sport.owl#moussa-sissoko>,"Sissoko"
<http://bk.sport.owl#jan-oblak>,"Jan Oblak"@en
<http://bk.sport.owl#jan-oblak>,"jan oblak"@en
<http://bk.sport.owl#jan-oblak>,"Oblak"
<http://bk.sport.owl#celtic-fc>,"Celtic"@en
<http://bk.sport.owl#inter-milan>,"Inter Milan"@en
<http://bk.sport.owl#alex-oxlade-chamberlain>,"Oxlade-Chamberlain"
<http://bk.sport.owl#alex-oxlade-chamberlain>,"Alex Oxlade-Chamberlain"@en
<http://bk.sport.owl#alex-oxlade-chamberlain>,"alex oxlade chamberlain"@en
<http://bk.sport.owl#jonjo-shelvey>,"jonjo shelvey"@en
<http://bk.sport.owl#jonjo-shelvey>,"Jonjo Shelvey"@en
<http://bk.sport.owl#jonjo-shelvey>,"Shelvey"
<http://bk.sport.owl#marco-reus>,"Marco Reus"@en
<http://bk.sport.owl#marco-reus>,"marco reus"@en
<http://bk.sport.owl#marco-reus>,"Reus"
<http://bk.sport.owl#yoan-cardinale>,"yoan cardinale"@en
<http://bk.sport.owl#yoan-cardinale>,"Yoan Cardinale"@en
<http://bk.sport.owl#yoan-cardinale>,"Cardinale"
<http://bk.sport.owl#as-roma>,"AS Roma"@en
<http://bk.sport.owl#michael-mcglinchey>,"Michael McGlinchey"@en
<http://bk.sport.owl#mario-balotelli>,"Mario Balotelli"@en
<http://bk.sport.owl#mario-balotelli>,"mario balotelli"@en
<http://bk.sport.owl#mario-balotelli>,"Balotelli"
<http://bk.sport.owl#jamie-ward>,"Jamie Ward"@en
<http://bk.sport.owl#moussa-dembele>,"Moussa Dembele"@en
<http://bk.sport.owl#moussa-dembele>,"moussa dembele"@en
<http://bk.sport.owl#cameron-jerome>,"Cameron Jerome"@en
<http://bk.sport.owl#cameron-jerome>,"cameron jerome"@en
<http://bk.sport.owl#cameron-jerome>,"Jerome"
<http://bk.sport.owl#danny-simpson>,"danny simpson"@en
<http://bk.sport.owl#danny-simpson>,"Danny Simpson"@en
<http://bk.sport.owl#danny-simpson>,"Simpson"
<http://bk.sport.owl#hirving-lozano>,"Hirving Lozano"@en
<http://bk.sport.owl#hirving-lozano>,"hirving lozano"@en
<http://bk.sport.owl#jack-colback>,"Jack Colback"@en
<http://bk.sport.owl#jack-colback>,"Colback"
<http://bk.sport.owl#giannis-skondras>,"Giannis Skondras"@en
<http://bk.sport.owl#giannis-skondras>,"giannis skondras"@en
<http://bk.sport.owl#kevin-malcuit>,"kevin malcuit"@en
<http://bk.sport.owl#sandro>,"sandro"@en
<http://bk.sport.owl#sandro>,"Sandro"@en
<http://bk.sport.owl#alexandre-lacazette>,"alexandre lacazette"@en
<http://bk.sport.owl#alexandre-lacazette>,"Alexandre Lacazette"@en
<http://bk.sport.owl#alexandre-lacazette>,"Lacazette"
<http://bk.sport.owl#manuel-neuer>,"manuel neuer"@en
<http://bk.sport.owl#manuel-neuer>,"Manuel Neuer"@en
<http://bk.sport.owl#manuel-neuer>,"Neuer"
<http://bk.sport.owl#millwall>,"Millwall"@en
<http://bk.sport.owl#gil>,"Gil"@en
<http://bk.sport.owl#asian-football-confederation>,"Asian Football Confederation"@en
<http://bk.sport.owl#vitality-stadium-stadium>,"Vitality Stadium"@en
<http://bk.sport.owl#dundee-united-fc>,"Dundee United"@en
<http://bk.sport.owl#charlie-austin>,"Charlie Austin"@en
<http://bk.sport.owl#charlie-austin>,"charlie austin"@en
<http://bk.sport.owl#michel>,"michel"@en
<http://bk.sport.owl#michel>,"Michel"@en
<http://bk.sport.owl#robert-huth>,"Robert Huth"@en
<http://bk.sport.owl#robert-huth>,"Huth"
<http://bk.sport.owl#bournemouth-fc>,"Bournemouth"@en
<http://bk.sport.owl#leonardo-ulloa>,"Leonardo Ulloa"@en
<http://bk.sport.owl#leonardo-ulloa>,"Ulloa"
<http://bk.sport.owl#alex-ferguson>,"Alex Ferguson"@en
<http://bk.sport.owl#vfl-wolfsburg>,"VfL Wolfsburg"@en
<http://bk.sport.owl#hartlepool-united-fc>,"Hartlepool United"@en
<http://bk.sport.owl#serie-a>,"Serie A"@en
<http://bk.sport.owl#daniel-agger>,"Daniel Agger"@en
<http://bk.sport.owl#roberto-martinez>,"Roberto Martinez"@en
<http://bk.sport.owl#emirates-stadium-stadium>,"Emirates Stadium"@en
<http://bk.sport.owl#sheffield-wednesday-fc>,"Sheffield Wednesday"@en
<http://bk.sport.owl#walter>,"walter"@en
<http://bk.sport.owl#samuel-umtiti>,"samuel umtiti"@en
<http://bk.sport.owl#samuel-umtiti>,"Samuel Umtiti"@en
<http://bk.sport.owl#samuel-umtiti>,"Umtiti"
<http://bk.sport.owl#gianluigi-buffon>,"Gianluigi Buffon"@en
<http://bk.sport.owl#gianluigi-buffon>,"gianluigi buffon"@en
<http://bk.sport.owl#gianluigi-buffon>,"Buffon"
<http://bk.sport.owl#daley-blind>,"Daley Blind"@en
<http://bk.sport.owl#daley-blind>,"daley blind"@en
<http://bk.sport.owl#daley-blind>,"Blind"
<http://bk.sport.owl#marko-arnautovic>,"Marko Arnautovic"@en
<http://bk.sport.owl#marko-arnautovic>,"marko arnautovic"@en
<http://bk.sport.owl#marko-arnautovic>,"Arnautovic"
<http://bk.sport.owl#new-york-city-fc>,"New York City"@en
<http://bk.sport.owl#oscar-trejo>,"oscar trejo"@en
<http://bk.sport.owl#oscar-trejo>,"Trejo"
<http://bk.sport.owl#plymouth-argyle-fc>,"Plymouth Argyle"@en
<http://bk.sport.owl#leon-britton>,"Leon Britton"@en
<http://bk.sport.owl#leon-britton>,"Britton"
<http://bk.sport.owl#nicolas-lodeiro>,"Nicolas Lodeiro"@en
<http://bk.sport.owl#selhurst-park-football-stadium>,"Selhurst Park"@en
<http://bk.sport.owl#chris-forrester>,"Chris Forrester"@en
<http://bk.sport.owl#virgil-van-dijk>,"virgil van dijk"@en
<http://bk.sport.owl#virgil-van-dijk>,"Virgil van Dijk"@en
<http://bk.sport.owl#henrikh-mkhitaryan>,"Henrikh Mkhitaryan"@en
<http://bk.sport.owl#henrikh-mkhitaryan>,"henrikh mkhitaryan"@en
<http://bk.sport.owl#henrikh-mkhitaryan>,"Mkhitaryan"
<http://bk.sport.owl#charlie-adam>,"Charlie Adam"@en
<http://bk.sport.owl#charlie-adam>,"Adam"
<http://bk.sport.owl#andrea-belotti>,"andrea belotti"@en
<http://bk.sport.owl#andrea-belotti>,"Andrea Belotti"@en
<http://bk.sport.owl#liam-ridgewell>,"Liam Ridgewell"@en
<http://bk.sport.owl#nemanja-nikolic>,"nemanja nikolic"@en
<http://bk.sport.owl#nemanja-nikolic>,"Nemanja Nikolic"@en
<http://bk.sport.owl#ragnar-klavan>,"Ragnar Klavan"@en
<http://bk.sport.owl#ragnar-klavan>,"ragnar klavan"@en
<http://bk.sport.owl#ragnar-klavan>,"Klavan"
<http://bk.sport.owl#danny-rose>,"danny rose"@en
<http://bk.sport.owl#danny-rose>,"Danny Rose"@en
<http://bk.sport.owl#danny-rose>,"Rose"
<http://bk.sport.owl#paul-verhaegh>,"Paul Verhaegh"@en
<http://bk.sport.owl#paul-verhaegh>,"paul verhaegh"@en
<http://bk.sport.owl#paul-verhaegh>,"Verhaegh"
<http://bk.sport.owl#javier-mascherano>,"Javier Mascherano"@en
<http://bk.sport.owl#javier-mascherano>,"Mascherano"
<http://bk.sport.owl#aaron-ramsey>,"aaron ramsey"@en
<http://bk.sport.owl#aaron-ramsey>,"Aaron Ramsey"@en
<http://bk.sport.owl#aaron-ramsey>,"Ramsey"
<http://bk.sport.owl#leroy-sane>,"leroy sane"@en
<http://bk.sport.owl#javier-manquillo>,"javier manquillo"@en
<http://bk.sport.owl#javier-manquillo>,"Javier Manquillo"@en
<http://bk.sport.owl#javier-manquillo>,"Manquillo"
<http://bk.sport.owl#sevilla>,"Sevilla FC"@en
<http://bk.sport.owl#sevilla>,"Sevilla"@en
<http://bk.sport.owl#atletico-madrid>,"Atletico Madrid"@en
<http://bk.sport.owl#anthony-martial>,"anthony martial"@en
<http://bk.sport.owl#anthony-martial>,"Anthony Martial"@en
<http://bk.sport.owl#anthony-martial>,"Martial"
<http://bk.sport.owl#sunderland-fc>,"Sunderland"@en
<http://bk.sport.owl#james-maddison>,"James Maddison"@en
<http://bk.sport.owl#james-maddison>,"james maddison"@en
<http://bk.sport.owl#leandro-paredes>,"leandro paredes"@en
<http://bk.sport.owl#leandro-paredes>,"Leandro Paredes"@en
<http://bk.sport.owl#leandro-paredes>,"Paredes"
<http://bk.sport.owl#michy-batshuayi>,"Michy Batshuayi"@en
<http://bk.sport.owl#michy-batshuayi>,"michy batshuayi"@en
<http://bk.sport.owl#michy-batshuayi>,"Batshuayi"
<http://bk.sport.owl#belgium-fc>,"Belgium"@en
<http://bk.sport.owl#aritz-aduriz>,"Aritz Aduriz"@en
<http://bk.sport.owl#aritz-aduriz>,"aritz aduriz"@en
<http://bk.sport.owl#aritz-aduriz>,"Aduriz"
<http://bk.sport.owl#wayne-bridge>,"Wayne Bridge"@en
<http://bk.sport.owl#patrick>,"patrick"@en
<http://bk.sport.owl#patrick>,"Patrick"@en
<http://bk.sport.owl#uefa-europa-league>,"UEFA Europa League"@en
<http://bk.sport.owl#liam-donnelly>,"liam donnelly"@en
<http://bk.sport.owl#liam-donnelly>,"Liam Donnelly"@en
<http://bk.sport.owl#joe-hart>,"joe hart"@en
<http://bk.sport.owl#joe-hart>,"Joe Hart"@en
<http://bk.sport.owl#joe-hart>,"Hart"
<http://bk.sport.owl#matthew-lowton>,"matthew lowton"@en
<http://bk.sport.owl#matthew-lowton>,"Matthew Lowton"@en
<http://bk.sport.owl#fernandinho>,"Fernandinho"
<http://bk.sport.owl#fernandinho>,"Fernandinho"@en
<http://bk.sport.owl#fernandinho>,"fernandinho"@en
<http://bk.sport.owl#cardiff-city-fc>,"Cardiff City"@en
<http://bk.sport.owl#koke>,"koke"@en
<http://bk.sport.owl#koke>,"Koke"@en
<http://bk.sport.owl#koke>,"Koke"
<http://bk.sport.owl#sean-morrison>,"Sean Morrison"@en
<http://bk.sport.owl#sean-morrison>,"sean morrison"@en
<http://bk.sport.owl#patrice-evra>,"Patrice Evra"@en
<http://bk.sport.owl#patrice-evra>,"Evra"
<http://bk.sport.owl#mathieu-flamini>,"Mathieu Flamini"@en
<http://bk.sport.owl#mathieu-flamini>,"mathieu flamini"@en
<http://bk.sport.owl#mathieu-flamini>,"Flamini"
<http://bk.sport.owl#christian-pulisic>,"Christian Pulisic"@en
<http://bk.sport.owl#christian-pulisic>,"christian pulisic"@en
<http://bk.sport.owl#michael-collins>,"Michael Collins"@en
<http://bk.sport.owl#aymeric-laporte>,"aymeric laporte"@en
<http://bk.sport.owl#aymeric-laporte>,"Aymeric Laporte"@en
<http://bk.sport.owl#aymeric-laporte>,"Laporte"
<http://bk.sport.owl#sebastian-rode>,"sebastian rode"@en
<http://bk.sport.owl#sebastian-rode>,"Sebastian Rode"@en
<http://bk.sport.owl#sebastian-rode>,"Rode"
<http://bk.sport.owl#adam-clayton>,"Adam Clayton"@en
<http://bk.sport.owl#napoli>,"Napoli fc"@en
<http://bk.sport.owl#luiz-felipe>,"Luiz Felipe"@en
<http://bk.sport.owl#luiz-felipe>,"luiz felipe"@en
<http://bk.sport.owl#elland-road-football-stadium>,"Elland Road"@en
<http://bk.sport.owl#alex-sandro>,"Alex Sandro"@en
<http://bk.sport.owl#alex-sandro>,"alex sandro"@en
<http://bk.sport.owl#alex-sandro>,"Sandro"
<http://bk.sport.owl#sami-khedira>,"Sami Khedira"@en
<http://bk.sport.owl#sami-khedira>,"sami khedira"@en
<http://bk.sport.owl#sami-khedira>,"Khedira"
<http://bk.sport.owl#marco-rojas>,"Marco Rojas"@en
<http://bk.sport.owl#marco-rojas>,"marco rojas"@en
<http://bk.sport.owl#eintracht-frankfurt>,"Eintracht Frankfurt"@en
<http://bk.sport.owl#borussia-monchengladbach>,"Borussia Monchengladbach"@en
<http://bk.sport.owl#jerome-boateng>,"jerome boateng"@en
<http://bk.sport.owl#jerome-boateng>,"J\u00C3\u00A9r\u00C3\u00B4me Boateng"@en
<http://bk.sport.owl#antonio-adan>,"antonio adan"@en
<http://bk.sport.owl#joao-cancelo>,"joao cancelo"@en
<http://bk.sport.owl#joao-cancelo>,"Jo\u00C3\u00A3o Cancelo"@en
<http://bk.sport.owl#tottenham-hotspur>,"Tottenham Hotspur"@en
<http://bk.sport.owl#vincent-janssen>,"Vincent Janssen"@en
<http://bk.sport.owl#vincent-janssen>,"vincent janssen"@en
<http://bk.sport.owl#charlton-athletic-fc>,"Charlton Athletic"@en
<http://bk.sport.owl#hoffenheim-fc>,"Hoffenheim"@en
<http://bk.sport.owl#daniele-de-rossi>,"Daniele De Rossi"@en
<http://bk.sport.owl#daniele-de-rossi>,"daniele de rossi"@en
<http://bk.sport.owl#daniele-de-rossi>,"Rossi"
<http://bk.sport.owl#everton-fc>,"Everton"@en
<http://bk.sport.owl#brighton-hove-albion>,"Brighton and Hove Albion"@en
<http://bk.sport.owl#stade-de-france-football-stadium>,"Stade de France"@en
<http://bk.sport.owl#adrian>,"adrian"@en
<http://bk.sport.owl#adrian>,"Adrian"@en
<http://bk.sport.owl#adriano>,"Adriano"@en
<http://bk.sport.owl#adriano>,"adriano"@en
<http://bk.sport.owl#adriano>,"Adriano"
<http://bk.sport.owl#james-henry>,"James Henry"@en
<http://bk.sport.owl#gary-cahill>,"gary cahill"@en
<http://bk.sport.owl#gary-cahill>,"Gary Cahill"@en
<http://bk.sport.owl#gary-cahill>,"Cahill"
<http://bk.sport.owl#andre-santos>,"andre santos"@en
<http://bk.sport.owl#andre-santos>,"Andre Santos"@en
<http://bk.sport.owl#wigan-athletic-fc>,"Wigan Athletic"@en
<http://bk.sport.owl#glen-johnson>,"Glen Johnson"@en
<http://bk.sport.owl#glen-johnson>,"Johnson"
<http://bk.sport.owl#felipe>,"felipe"@en
<http://bk.sport.owl#felipe>,"Felipe"@en
<http://bk.sport.owl#felipe>,"Felipe"
<http://bk.sport.owl#atletico-madrid-fc>,"Atletico Madrid"@en
<http://bk.sport.owl#marc-bartra>,"Marc Bartra"@en
<http://bk.sport.owl#marc-bartra>,"marc bartra"@en
<http://bk.sport.owl#marc-bartra>,"Bartra"
<http://bk.sport.owl#west-bromwich-albion-fc>,"West Bromwich Albion"@en
<http://bk.sport.owl#xavier-kouassi>,"xavier kouassi"@en
<http://bk.sport.owl#kamil-grosicki>,"Kamil Grosicki"@en
<http://bk.sport.owl#kamil-grosicki>,"Grosicki"
<http://bk.sport.owl#brendan-rodgers>,"Brendan Rodgers"
<http://bk.sport.owl#brendan-rodgers>,"Brendan Rodgers"@en
<http://bk.sport.owl#crystal-palace>,"Crystal Palace"@en
<http://bk.sport.owl#wales>,"Wales"@en
<http://bk.sport.owl#sami-hyypia>,"Sami Hyypia"@en
<http://bk.sport.owl#raul-baena>,"Raul Baena"@en
<http://bk.sport.owl#marcus-bettinelli>,"marcus bettinelli"@en
<http://bk.sport.owl#marcus-bettinelli>,"Marcus Bettinelli"@en
<http://bk.sport.owl#stoke-city>,"Stoke City"@en
<http://bk.sport.owl#old-trafford-stadium>,"Old Trafford"@en
<http://bk.sport.owl#marcelo>,"Marcelo"@en
<http://bk.sport.owl#marcelo>,"marcelo"@en
<http://bk.sport.owl#marcelo>,"Marcelo"
<http://bk.sport.owl#hugo-lloris>,"Hugo Lloris"@en
<http://bk.sport.owl#hugo-lloris>,"hugo lloris"@en
<http://bk.sport.owl#hugo-lloris>,"Lloris"
<http://bk.sport.owl#lucas-leiva>,"Lucas Leiva"@en
<http://bk.sport.owl#lucas-leiva>,"lucas leiva"@en
<http://bk.sport.owl#lucas-leiva>,"Leiva"
<http://bk.sport.owl#shinji-okazaki>,"shinji okazaki"@en
<http://bk.sport.owl#shinji-okazaki>,"Shinji Okazaki"@en
<http://bk.sport.owl#shinji-okazaki>,"Okazaki"
<http://bk.sport.owl#erik-lamela>,"erik lamela"@en
<http://bk.sport.owl#artur-boruc>,"artur boruc"@en
<http://bk.sport.owl#artur-boruc>,"Artur Boruc"@en
<http://bk.sport.owl#artur-boruc>,"Boruc"
<http://bk.sport.owl#aaron-cresswell>,"aaron cresswell"@en
<http://bk.sport.owl#aaron-cresswell>,"Aaron Cresswell"@en
<http://bk.sport.owl#aaron-cresswell>,"Cresswell"
<http://bk.sport.owl#christian-benteke>,"christian benteke"@en
<http://bk.sport.owl#christian-benteke>,"Christian Benteke"@en
<http://bk.sport.owl#christian-benteke>,"Benteke"
<http://bk.sport.owl#leicester-city-fc>,"Leicester City"@en
<http://bk.sport.owl#federico-bernardeschi>,"Bernardeschi"
<http://bk.sport.owl#federico-bernardeschi>,"Federico Bernardeschi"@en
<http://bk.sport.owl#federico-bernardeschi>,"federico bernardeschi"@en
<http://bk.sport.owl#juan-carlos>,"Juan Carlos"@en
<http://bk.sport.owl#juan-carlos>,"Carlos"
<http://bk.sport.owl#barcelona-fc>,"Barcelona"@en
<http://bk.sport.owl#leon-goretzka>,"leon goretzka"@en
<http://bk.sport.owl#leon-goretzka>,"Leon Goretzka"@en
<http://bk.sport.owl#leon-goretzka>,"Goretzka"
<http://bk.sport.owl#saul-niguez>,"saul niguez"@en
<http://bk.sport.owl#lucas-moura>,"lucas moura"@en
<http://bk.sport.owl#lucas-moura>,"Lucas Moura"@en
<http://bk.sport.owl#marco-verratti>,"marco verratti"@en
<http://bk.sport.owl#marco-verratti>,"Marco Verratti"@en
<http://bk.sport.owl#marco-verratti>,"Verratti"
<http://bk.sport.owl#carlitos>,"carlitos"@en
<http://bk.sport.owl#carlitos>,"Carlitos"@en
<http://bk.sport.owl#matt-ritchie>,"matt ritchie"@en
<http://bk.sport.owl#matt-ritchie>,"Matt Ritchie"@en
<http://bk.sport.owl#matt-ritchie>,"Ritchie"
<http://bk.sport.owl#cristiano>,"Cristiano"@en
<http://bk.sport.owl#cristiano>,"cristiano"@en
<http://bk.sport.owl#molineux-football-stadium>,"Molineux"@en
<http://bk.sport.owl#molineux-football-stadium>,"Molineux Stadium"@en
<http://bk.sport.owl#anthony-pilkington>,"Anthony Pilkington"@en
<http://bk.sport.owl#victor-moses>,"victor moses"@en
<http://bk.sport.owl#victor-moses>,"Victor Moses"@en
<http://bk.sport.owl#victor-moses>,"Moses"
<http://bk.sport.owl#steven-maclean>,"steven maclean"@en
<http://bk.sport.owl#steven-maclean>,"Steven MacLean"@en
<http://bk.sport.owl#karl-toko-ekambi>,"Karl Toko Ekambi"@en
<http://bk.sport.owl#karl-toko-ekambi>,"karl toko ekambi"@en
<http://bk.sport.owl#deandre-yedlin>,"DeAndre Yedlin"@en
<http://bk.sport.owl#deandre-yedlin>,"deandre yedlin"@en
<http://bk.sport.owl#deandre-yedlin>,"Yedlin"
<http://bk.sport.owl#river-plate-fc>,"River Plate"@en
<http://bk.sport.owl#mohamed-diame>,"mohamed diame"@en
<http://bk.sport.owl#mohamed-diame>,"Mohamed Diame"@en
<http://bk.sport.owl#wallace>,"Wallace"@en
<http://bk.sport.owl#wallace>,"wallace"@en
<http://bk.sport.owl#wallace>,"Wallace"
<http://bk.sport.owl#christophe-berra>,"christophe berra"@en
<http://bk.sport.owl#christophe-berra>,"Christophe Berra"@en
<http://bk.sport.owl#everton>,"Everton FC"@en
<http://bk.sport.owl#everton>,"Everton"@en
<http://bk.sport.owl#toby-alderweireld>,"Alderweireld"
<http://bk.sport.owl#toby-alderweireld>,"toby alderweireld"@en
<http://bk.sport.owl#toby-alderweireld>,"Toby Alderweireld"@en
<http://bk.sport.owl#norwich-city>,"Norwich City"@en
<http://bk.sport.owl#cristiano-ronaldo>,"Cristiano Ronaldo"@en
<http://bk.sport.owl#cristiano-ronaldo>,"cristiano ronaldo"@en
<http://bk.sport.owl#cristiano-ronaldo>,"Ronaldo"
<http://bk.sport.owl#adam-ounas>,"adam ounas"@en
<http://bk.sport.owl#adam-ounas>,"Adam Ounas"@en
<http://bk.sport.owl#emmanuel-adebayor>,"emmanuel adebayor"@en
<http://bk.sport.owl#emmanuel-adebayor>,"Emmanuel Adebayor"@en
<http://bk.sport.owl#emmanuel-adebayor>,"Adebayor"
<http://bk.sport.owl#tim-krul>,"Tim Krul"@en
<http://bk.sport.owl#tim-krul>,"Krul"
<http://bk.sport.owl#sven-ulreich>,"Sven Ulreich"@en
<http://bk.sport.owl#sven-ulreich>,"sven ulreich"@en
<http://bk.sport.owl#sven-ulreich>,"Ulreich"
<http://bk.sport.owl#michael-carrick>,"Michael Carrick"@en
<http://bk.sport.owl#michael-carrick>,"Carrick"
<http://bk.sport.owl#gareth-bale>,"Gareth Bale"@en
<http://bk.sport.owl#gareth-bale>,"gareth bale"@en
<http://bk.sport.owl#gareth-bale>,"Bale"
<http://bk.sport.owl#jamie-carragher>,"Jamie Carragher"@en
<http://bk.sport.owl#ryan-bertrand>,"ryan bertrand"@en
<http://bk.sport.owl#ryan-bertrand>,"Ryan Bertrand"@en
<http://bk.sport.owl#ryan-bertrand>,"Bertrand"
<http://bk.sport.owl#aaron>,"Aaron"@en
<http://bk.sport.owl#victor-sanchez>,"victor sanchez"@en
<http://bk.sport.owl#camp-nou-stadium>,"Camp Nou"@en
<http://bk.sport.owl#wales-fc>,"Wales"@en
<http://bk.sport.owl#fc-barcelona>,"FC Barcelona"@en
<http://bk.sport.owl#david-villa>,"David Villa"@en
<http://bk.sport.owl#anfield-football-stadium>,"Anfield"@en
<http://bk.sport.owl#andy-king>,"Andy King"@en
<http://bk.sport.owl#andy-king>,"King"
<http://bk.sport.owl#jonathan-walters>,"jonathan walters"@en
<http://bk.sport.owl#jonathan-walters>,"Jonathan Walters"@en
<http://bk.sport.owl#jonathan-walters>,"Walters"
<http://bk.sport.owl#jelle-van-damme>,"jelle van damme"@en
<http://bk.sport.owl#jelle-van-damme>,"Jelle Van Damme"@en
<http://bk.sport.owl#aston-villa-fc>,"Aston Villa"@en
<http://bk.sport.owl#fabian-schar>,"fabian schar"@en
<http://bk.sport.owl#julian-draxler>,"Julian Draxler"@en
<http://bk.sport.owl#julian-draxler>,"julian draxler"@en
<http://bk.sport.owl#julian-draxler>,"Draxler"
<http://bk.sport.owl#jed-steer>,"Jed Steer"@en
<http://bk.sport.owl#jed-steer>,"Steer"
<http://bk.sport.owl#ricardo-pereira>,"Ricardo Pereira"@en
<http://bk.sport.owl#ricardo-pereira>,"ricardo pereira"@en
<http://bk.sport.owl#adam-forshaw>,"Adam Forshaw"@en
<http://bk.sport.owl#william>,"William"@en
<http://bk.sport.owl#william>,"william"@en
<http://bk.sport.owl#willian>,"Willian"@en
<http://bk.sport.owl#willian>,"willian"@en
<http://bk.sport.owl#willian>,"Willian"
<http://bk.sport.owl#joao-pedro>,"joao pedro"@en
<http://bk.sport.owl#mansfield-town-fc>,"Mansfield Town"@en
<http://bk.sport.owl#peter-crouch>,"peter crouch"@en
<http://bk.sport.owl#peter-crouch>,"Peter Crouch"@en
<http://bk.sport.owl#peter-crouch>,"Crouch"
<http://bk.sport.owl#andre-hahn>,"andre hahn"@en
<http://bk.sport.owl#sergio-aguero>,"Sergio Aguero"@en
<http://bk.sport.owl#sergio-aguero>,"sergio aguero"@en
<http://bk.sport.owl#craig-curran>,"craig curran"@en
<http://bk.sport.owl#stoke-city-fc>,"Stoke City"@en
<http://bk.sport.owl#trent-alexander-arnold>,"Trent Alexander-Arnold"@en
<http://bk.sport.owl#trent-alexander-arnold>,"trent alexander arnold"@en
<http://bk.sport.owl#ashley-cole>,"Ashley Cole"@en
<http://bk.sport.owl#ashley-cole>,"Cole"
<http://bk.sport.owl#granit-xhaka>,"Granit Xhaka"@en
<http://bk.sport.owl#granit-xhaka>,"granit xhaka"@en
<http://bk.sport.owl#granit-xhaka>,"Xhaka"
<http://bk.sport.owl#stefan-johansen>,"Stefan Johansen"@en
<http://bk.sport.owl#lyon>,"Lyon"@en
<http://bk.sport.owl#javier-hernandez>,"Javier Hernandez"@en
<http://bk.sport.owl#franck-kessie>,"franck kessie"@en
<http://bk.sport.owl#filipe-luis>,"filipe luis"@en
<http://bk.sport.owl#filipe-luis>,"Filipe Luis"@en
<http://bk.sport.owl#abel-hernandez>,"abel hernandez"@en
<http://bk.sport.owl#rb-leipzig>,"RB Leipzig"@en
<http://bk.sport.owl#wayne-rooney>,"Wayne Rooney"@en
<http://bk.sport.owl#wayne-rooney>,"Rooney"
<http://bk.sport.owl#thiago>,"thiago"@en
<http://bk.sport.owl#thiago>,"Thiago"@en
<http://bk.sport.owl#thiago>,"Thiago"
<http://bk.sport.owl#andre-gray>,"andre gray"@en
<http://bk.sport.owl#andre-gray>,"Andre Gray"@en
<http://bk.sport.owl#ander-herrera>,"ander herrera"@en
<http://bk.sport.owl#ander-herrera>,"Ander Herrera"@en
<http://bk.sport.owl#ander-herrera>,"Herrera"
<http://bk.sport.owl#dico-koppers>,"Dico Koppers"@en
<http://bk.sport.owl#dico-koppers>,"dico koppers"@en
<http://bk.sport.owl#cardiff-city>,"Cardiff City"@en
<http://bk.sport.owl#divock-origi>,"divock origi"@en
<http://bk.sport.owl#divock-origi>,"Divock Origi"@en
<http://bk.sport.owl#divock-origi>,"Origi"
<http://bk.sport.owl#vito-mannone>,"Vito Mannone"@en
<http://bk.sport.owl#vito-mannone>,"Mannone"
<http://bk.sport.owl#shaun-maloney>,"Shaun Maloney"@en
<http://bk.sport.owl#diego-godin>,"diego godin"@en
<http://bk.sport.owl#old-trafford-football-stadium>,"Old Trafford"@en
<http://bk.sport.owl#philippe>,"philippe"@en
<http://bk.sport.owl#clemente>,"clemente"@en
<http://bk.sport.owl#andrew-surman>,"andrew surman"@en
<http://bk.sport.owl#andrew-surman>,"Andrew Surman"@en
<http://bk.sport.owl#andrew-surman>,"Surman"
<http://bk.sport.owl#martin-o-neill>,"Martin O'Neill"@en
<http://bk.sport.owl#roberto>,"roberto"@en
<http://bk.sport.owl#roberto>,"Roberto"@en
<http://bk.sport.owl#guti>,"guti"@en
<http://bk.sport.owl#guti>,"Guti"@en
<http://bk.sport.owl#mark-noble>,"Mark Noble"@en
<http://bk.sport.owl#mark-noble>,"mark noble"@en
<http://bk.sport.owl#mark-noble>,"Noble"
<http://bk.sport.owl#oribe-peralta>,"Oribe Peralta"@en
<http://bk.sport.owl#thorgan-hazard>,"thorgan hazard"@en
<http://bk.sport.owl#thorgan-hazard>,"Thorgan Hazard"@en
<http://bk.sport.owl#thorgan-hazard>,"Hazard"
<http://bk.sport.owl#manchester-city>,"Manchester City"@en
<http://bk.sport.owl#christian-stuani>,"Christian Stuani"@en
<http://bk.sport.owl#goodison-park-stadium>,"Goodison Park"@en
<http://bk.sport.owl#zlatan-ibrahimovic>,"Ibrahimovic"
<http://bk.sport.owl#zlatan-ibrahimovic>,"Zlatan Ibrahimovic"@en
<http://bk.sport.owl#alisson>,"alisson"@en
<http://bk.sport.owl#alisson>,"Alisson"@en
<http://bk.sport.owl#bristol-city-fc>,"Bristol City"@en
<http://bk.sport.owl#yuya-osako>,"Yuya Osako"@en
<http://bk.sport.owl#yuya-osako>,"yuya osako"@en
<http://bk.sport.owl#yuya-osako>,"Osako"
<http://bk.sport.owl#alex-telles>,"alex telles"@en
<http://bk.sport.owl#alex-telles>,"Alex Telles"@en
<http://bk.sport.owl#david-luiz>,"David Luiz"@en
<http://bk.sport.owl#david-luiz>,"david luiz"@en
<http://bk.sport.owl#david-luiz>,"Luiz"
<http://bk.sport.owl#georginio-wijnaldum>,"Georginio Wijnaldum"@en
<http://bk.sport.owl#georginio-wijnaldum>,"georginio wijnaldum"@en
<http://bk.sport.owl#georginio-wijnaldum>,"Wijnaldum"
<http://bk.sport.owl#suso>,"suso"@en
<http://bk.sport.owl#suso>,"Suso"@en
<http://bk.sport.owl#suso>,"Suso"
<http://bk.sport.owl#tom-davies>,"Tom Davies"@en
<http://bk.sport.owl#tom-davies>,"tom davies"@en
<http://bk.sport.owl#dale-stephens>,"dale stephens"@en
<http://bk.sport.owl#dale-stephens>,"Dale Stephens"@en
<http://bk.sport.owl#alberto-moreno>,"Alberto Moreno"@en
<http://bk.sport.owl#alberto-moreno>,"alberto moreno"@en
<http://bk.sport.owl#alberto-moreno>,"Moreno"
<http://bk.sport.owl#wahbi-khazri>,"wahbi khazri"@en
<http://bk.sport.owl#wahbi-khazri>,"Wahbi Khazri"@en
<http://bk.sport.owl#wahbi-khazri>,"Khazri"
<http://bk.sport.owl#steve-mcclaren>,"Steve McClaren"@en
<http://bk.sport.owl#lacina-traore>,"Lacina Traore"@en
<http://bk.sport.owl#kurt-zouma>,"kurt zouma"@en
<http://bk.sport.owl#kurt-zouma>,"Kurt Zouma"@en
<http://bk.sport.owl#kurt-zouma>,"Zouma"
<http://bk.sport.owl#dan-gosling>,"dan gosling"@en
<http://bk.sport.owl#dan-gosling>,"Dan Gosling"@en
<http://bk.sport.owl#dan-gosling>,"Gosling"
<http://bk.sport.owl#steven-whittaker>,"Steven Whittaker"@en
<http://bk.sport.owl#steven-whittaker>,"steven whittaker"@en
<http://bk.sport.owl#steven-whittaker>,"Whittaker"
<http://bk.sport.owl#stewart-downing>,"Stewart Downing"@en
<http://bk.sport.owl#cedric-soares>,"cedric soares"@en
<http://bk.sport.owl#heart-of-midlothian>,"Heart of Midlothian"@en
<http://bk.sport.owl#heart-of-midlothian>,"Heart of Midlothian FC"@en
<http://bk.sport.owl#international-federation-of-association-footballs>,"International Federation of Association Football"@en
<http://bk.sport.owl#allan>,"allan"@en
<http://bk.sport.owl#allan>,"Allan"@en
<http://bk.sport.owl#allan>,"Allan"
<http://bk.sport.owl#andy-halliday>,"andy halliday"@en
<http://bk.sport.owl#andy-halliday>,"Andy Halliday"@en
<http://bk.sport.owl#romelu-lukaku>,"Romelu Lukaku"@en
<http://bk.sport.owl#romelu-lukaku>,"romelu lukaku"@en
<http://bk.sport.owl#romelu-lukaku>,"Lukaku"
<http://bk.sport.owl#premier-league>,"Premier League"@en
<http://bk.sport.owl#juan-cuadrado>,"Juan Cuadrado"@en
<http://bk.sport.owl#juan-cuadrado>,"juan cuadrado"@en
<http://bk.sport.owl#juan-cuadrado>,"Cuadrado"
<http://bk.sport.owl#barnsley-fc>,"Barnsley"@en
<http://bk.sport.owl#eden-hazard>,"eden hazard"@en
<http://bk.sport.owl#eden-hazard>,"Eden Hazard"@en
<http://bk.sport.owl#eden-hazard>,"Hazard"
<http://bk.sport.owl#joaquin-correa>,"joaquin correa"@en
<http://bk.sport.owl#julian-weigl>,"julian weigl"@en
<http://bk.sport.owl#julian-weigl>,"Julian Weigl"@en
<http://bk.sport.owl#julian-weigl>,"Weigl"
<http://bk.sport.owl#andrew-robertson>,"andrew robertson"@en
<http://bk.sport.owl#andrew-robertson>,"Andrew Robertson"@en
<http://bk.sport.owl#craig-dawson>,"Craig Dawson"@en
<http://bk.sport.owl#craig-dawson>,"Dawson"
<http://bk.sport.owl#ross-county>,"Ross County"@en
<http://bk.sport.owl#jose-antonio-castro>,"Jose Antonio Castro"@en
<http://bk.sport.owl#fernando-llorente>,"fernando llorente"@en
<http://bk.sport.owl#fernando-llorente>,"Fernando Llorente"@en
<http://bk.sport.owl#fernando-llorente>,"Llorente"
<http://bk.sport.owl#borussia-dortmund>,"Borussia Dortmund"@en
<http://bk.sport.owl#scott-brown>,"Scott Brown"@en
<http://bk.sport.owl#scott-brown>,"scott brown"@en
<http://bk.sport.owl#marek-hamsik>,"Marek Hamsik"@en
<http://bk.sport.owl#marek-hamsik>,"Hamsik"
<http://bk.sport.owl#sebastien-bassong>,"Sebastien Bassong"@en
<http://bk.sport.owl#nicolas>,"nicolas"@en
<http://bk.sport.owl#fc-bayern-munich-fc>,"FC Bayern Munich"@en
<http://bk.sport.owl#liverpool-fc>,"Liverpool"@en
<http://bk.sport.owl#ruben-loftus-cheek>,"Loftus-Cheek"
<http://bk.sport.owl#ruben-loftus-cheek>,"Ruben Loftus-Cheek"@en
<http://bk.sport.owl#ruben-loftus-cheek>,"ruben loftus cheek"@en
<http://bk.sport.owl#andrea-bertolacci>,"Andrea Bertolacci"@en
<http://bk.sport.owl#andrea-bertolacci>,"andrea bertolacci"@en
<http://bk.sport.owl#andrea-bertolacci>,"Bertolacci"
<http://bk.sport.owl#scott-sinclair>,"Scott Sinclair"@en
<http://bk.sport.owl#scott-sinclair>,"scott sinclair"@en
<http://bk.sport.owl#scott-sinclair>,"Sinclair"
<http://bk.sport.owl#carlos-vela>,"Carlos Vela"@en
<http://bk.sport.owl#carlos-vela>,"Vela"
<http://bk.sport.owl#craig-cathcart>,"craig cathcart"@en
<http://bk.sport.owl#craig-cathcart>,"Craig Cathcart"@en
<http://bk.sport.owl#craig-cathcart>,"Cathcart"
<http://bk.sport.owl#bryan-linssen>,"bryan linssen"@en
<http://bk.sport.owl#bryan-linssen>,"Bryan Linssen"@en
<http://bk.sport.owl#danny>,"Danny"@en
<http://bk.sport.owl#plymouth-argyle>,"Plymouth Argyle"@en
<http://bk.sport.owl#aston-villa>,"Aston Villa"@en
<http://bk.sport.owl#juventus>,"Juventus FC"@en
<http://bk.sport.owl#juventus>,"Juventus"@en
<http://bk.sport.owl#leicester-city>,"Leicester City"@en
<http://bk.sport.owl#leonardo>,"Leonardo"@en
<http://bk.sport.owl#leonardo>,"leonardo"@en
<http://bk.sport.owl#wissam-ben-yedder>,"Wissam Ben Yedder"@en
<http://bk.sport.owl#wissam-ben-yedder>,"wissam ben yedder"@en
<http://bk.sport.owl#wissam-ben-yedder>,"Yedder"
<http://bk.sport.owl#paul-pogba>,"Paul Pogba"@en
<http://bk.sport.owl#paul-pogba>,"paul pogba"@en
<http://bk.sport.owl#paul-pogba>,"Pogba"
<http://bk.sport.owl#jake-livermore>,"Jake Livermore"@en
<http://bk.sport.owl#abdul-razak>,"abdul razak"@en
<http://bk.sport.owl#abdul-razak>,"Abdul Razak"@en
<http://bk.sport.owl#fulham>,"Fulham"@en
<http://bk.sport.owl#marc-pugh>,"Marc Pugh"@en
<http://bk.sport.owl#marc-pugh>,"Pugh"
<http://bk.sport.owl#rafinha>,"rafinha"@en
<http://bk.sport.owl#rafinha>,"Rafinha"@en
<http://bk.sport.owl#rafinha>,"Rafinha"
<http://bk.sport.owl#daryl-janmaat>,"Daryl Janmaat"@en
<http://bk.sport.owl#daryl-janmaat>,"daryl janmaat"@en
<http://bk.sport.owl#daryl-janmaat>,"Janmaat"
<http://bk.sport.owl#ayoze-perez>,"ayoze perez"@en
<http://bk.sport.owl#ayoze-perez>,"Ayoze Perez"@en
<http://bk.sport.owl#jeffrey-schlupp>,"jeffrey schlupp"@en
<http://bk.sport.owl#jeffrey-schlupp>,"Jeffrey Schlupp"@en
<http://bk.sport.owl#jeffrey-schlupp>,"Schlupp"
<http://bk.sport.owl#olivier-giroud>,"olivier giroud"@en
<http://bk.sport.owl#olivier-giroud>,"Olivier Giroud"@en
<http://bk.sport.owl#olivier-giroud>,"Giroud"
<http://bk.sport.owl#chelsea>,"Chelsea"@en
<http://bk.sport.owl#chelsea>,"Chelsea FC"@en
<http://bk.sport.owl#lionel-messi>,"lionel messi"@en
<http://bk.sport.owl#lionel-messi>,"Lionel Messi"@en
<http://bk.sport.owl#lionel-messi>,"Messi"
<http://bk.sport.owl#mauricio>,"mauricio"@en
<http://bk.sport.owl#tim-howard>,"Tim Howard"@en
<http://bk.sport.owl#tim-howard>,"Howard"
<http://bk.sport.owl#mansfield-town>,"Mansfield Town"@en
<http://bk.sport.owl#china>,"china"@en
<http://bk.sport.owl#diego-costa>,"Diego Costa"@en
<http://bk.sport.owl#diego-costa>,"diego costa"@en
<http://bk.sport.owl#diego-costa>,"Costa"
<http://bk.sport.owl#ryan-fraser>,"Ryan Fraser"@en
<http://bk.sport.owl#ryan-fraser>,"ryan fraser"@en
<http://bk.sport.owl#kevin-mirallas>,"kevin mirallas"@en
<http://bk.sport.owl#kevin-mirallas>,"Kevin Mirallas"@en
<http://bk.sport.owl#kevin-mirallas>,"Mirallas"
<http://bk.sport.owl#cheikhou-kouyate>,"cheikhou kouyate"@en
<http://bk.sport.owl#danny-ward>,"danny ward"@en
<http://bk.sport.owl#danny-ward>,"Danny Ward"@en
<http://bk.sport.owl#anfield-stadium>,"Anfield"@en
<http://bk.sport.owl#patrick-bamford>,"Patrick Bamford"@en
<http://bk.sport.owl#patrick-bamford>,"Bamford"
<http://bk.sport.owl#marcos-alonso>,"Marcos Alonso"@en
<http://bk.sport.owl#marcos-alonso>,"marcos alonso"@en
<http://bk.sport.owl#marcos-alonso>,"Alonso"
<http://bk.sport.owl#craig-noone>,"Craig Noone"@en
<http://bk.sport.owl#george-thorne>,"George Thorne"@en
<http://bk.sport.owl#chris-brunt>,"Chris Brunt"@en
<http://bk.sport.owl#chris-brunt>,"Brunt"
<http://bk.sport.owl#robert-lewandowski>,"Lewandowski"
<http://bk.sport.owl#robert-lewandowski>,"Robert Lewandowski"@en
<http://bk.sport.owl#robert-lewandowski>,"robert lewandowski"@en
<http://bk.sport.owl#tottenham-hotspur-fc>,"Tottenham Hotspur"@en
<http://bk.sport.owl#kenneth-zohore>,"kenneth zohore"@en
<http://bk.sport.owl#kenneth-zohore>,"Kenneth Zohore"@en
<http://bk.sport.owl#james-forrest>,"James Forrest"@en
<http://bk.sport.owl#james-forrest>,"james forrest"@en
<http://bk.sport.owl#wilfred-ndidi>,"Wilfred Ndidi"@en
<http://bk.sport.owl#wilfred-ndidi>,"wilfred ndidi"@en
<http://bk.sport.owl#la-liga-fc>,"La Liga"@en
<http://bk.sport.owl#angelo-da-costa>,"angelo da costa"@en
<http://bk.sport.owl#angelo-da-costa>,"Costa"
<http://bk.sport.owl#mario-lemina>,"Mario Lemina"@en
<http://bk.sport.owl#mario-lemina>,"mario lemina"@en
<http://bk.sport.owl#mario-lemina>,"Lemina"
<http://bk.sport.owl#dani-alves>,"Dani Alves"@en
<http://bk.sport.owl#dani-alves>,"dani alves"@en
<http://bk.sport.owl#dani-alves>,"Alves"
<http://bk.sport.owl#joey-barton>,"Joey Barton"@en
<http://bk.sport.owl#lucas-torreira>,"lucas torreira"@en
<http://bk.sport.owl#lucas-torreira>,"Lucas Torreira"@en
<http://bk.sport.owl#tyrone-mings>,"Tyrone Mings"@en
<http://bk.sport.owl#tyrone-mings>,"Mings"
<http://bk.sport.owl#frank-lampard>,"Frank Lampard"@en
<http://bk.sport.owl#paco-alcacer>,"paco alcacer"@en
<http://bk.sport.owl#dion-malone>,"dion malone"@en
<http://bk.sport.owl#dion-malone>,"Dion Malone"@en
<http://bk.sport.owl#alex-pritchard>,"Alex Pritchard"@en
<http://bk.sport.owl#alex-pritchard>,"alex pritchard"@en
<http://bk.sport.owl#alex-pritchard>,"Pritchard"
<http://bk.sport.owl#millwall-fc>,"Millwall"@en
<http://bk.sport.owl#konstantinos-manolas>,"konstantinos manolas"@en
<http://bk.sport.owl#konstantinos-manolas>,"Konstantinos Manolas"@en
<http://bk.sport.owl#konstantinos-manolas>,"Manolas"
<http://bk.sport.owl#ronny-rodelin>,"Ronny Rodelin"@en
<http://bk.sport.owl#ronny-rodelin>,"ronny rodelin"@en
<http://bk.sport.owl#ronny-rodelin>,"Rodelin"
<http://bk.sport.owl#maxwell>,"maxwell"@en
<http://bk.sport.owl#maxwell>,"Maxwell"@en
<http://bk.sport.owl#maxwell>,"Maxwell"
<http://bk.sport.owl#jorge>,"Jorge"@en
<http://bk.sport.owl#jorge>,"jorge"@en
<http://bk.sport.owl#lucas-paqueta>,"lucas paqueta"@en
<http://bk.sport.owl#ryan-giggs>,"Ryan Giggs"@en
<http://bk.sport.owl#manchester-city-fc>,"Manchester City"@en
<http://bk.sport.owl#joel-matip>,"Joel Matip"@en
<http://bk.sport.owl#joel-matip>,"joel matip"@en
<http://bk.sport.owl#joel-matip>,"Matip"
<http://bk.sport.owl#ousmane-dembele>,"ousmane dembele"@en
<http://bk.sport.owl#mark-ridgers>,"Mark Ridgers"@en
<http://bk.sport.owl#mk-dons>,"MK Dons"@en
<http://bk.sport.owl#craig-tanner>,"craig tanner"@en
<http://bk.sport.owl#craig-tanner>,"Craig Tanner"@en
<http://bk.sport.owl#jose-fonte>,"jose fonte"@en
<http://bk.sport.owl#ricardo-quaresma>,"ricardo quaresma"@en
<http://bk.sport.owl#ricardo-quaresma>,"Ricardo Quaresma"@en
<http://bk.sport.owl#hugo>,"Hugo"@en
<http://bk.sport.owl#nathaniel-clyne>,"Nathaniel Clyne"@en
<http://bk.sport.owl#nathaniel-clyne>,"nathaniel clyne"@en
<http://bk.sport.owl#nathaniel-clyne>,"Clyne"
<http://bk.sport.owl#crystal-palace-fc>,"Crystal Palace"@en
<http://bk.sport.owl#gedson-fernandes>,"gedson fernandes"@en
<http://bk.sport.owl#gedson-fernandes>,"Gedson Fernandes"@en
<http://bk.sport.owl#watford-fc>,"Watford"@en
<http://bk.sport.owl#walter-mazzarri>,"Walter Mazzarri"
<http://bk.sport.owl#walter-mazzarri>,"Walter Mazzarri"@en
<http://bk.sport.owl#fc-bayern-munich>,"FC Bayern Munich"@en
<http://bk.sport.owl#louis-saha>,"Louis Saha"@en
<http://bk.sport.owl#dortmund>,"Dortmund"@en
<http://bk.sport.owl#leo>,"leo"@en
<http://bk.sport.owl#david-stockdale>,"David Stockdale"@en
<http://bk.sport.owl#arsenal-fc>,"Arsenal"@en
<http://bk.sport.owl#jeremy-mathieu>,"jeremy mathieu"@en
<http://bk.sport.owl#jason-steele>,"jason steele"@en
<http://bk.sport.owl#jason-steele>,"Jason Steele"@en
<http://bk.sport.owl#ivan-perisic>,"ivan perisic"@en
<http://bk.sport.owl#ivan-perisic>,"Ivan Perisic"@en
<http://bk.sport.owl#ivan-perisic>,"Ivan Peri\u00C5\u00A1ic"@en
<http://bk.sport.owl#ivan-perisic>,"Perisic"
<http://bk.sport.owl#ac-milan>,"AC Milan"@en
<http://bk.sport.owl#phil-jones>,"phil jones"@en
<http://bk.sport.owl#phil-jones>,"Phil Jones"@en
<http://bk.sport.owl#phil-jones>,"Jones"
<http://bk.sport.owl#tom-rogic>,"Tom Rogic"@en
<http://bk.sport.owl#tom-rogic>,"tom rogic"@en
<http://bk.sport.owl#southampton>,"Southampton"@en
<http://bk.sport.owl#southampton>,"Southampton FC"@en
<http://bk.sport.owl#hull-city>,"Hull City"@en
<http://bk.sport.owl#leyton-orient-fc>,"Leyton Orient"@en
<http://bk.sport.owl#kelechi-iheanacho>,"Kelechi Iheanacho"@en
<http://bk.sport.owl#kelechi-iheanacho>,"kelechi iheanacho"@en
<http://bk.sport.owl#kelechi-iheanacho>,"Iheanacho"
<http://bk.sport.owl#danny-welbeck>,"danny welbeck"@en
<http://bk.sport.owl#danny-welbeck>,"Danny Welbeck"@en
<http://bk.sport.owl#danny-welbeck>,"Welbeck"
<http://bk.sport.owl#ryan-sessegnon>,"ryan sessegnon"@en
<http://bk.sport.owl#ryan-sessegnon>,"Ryan Sessegnon"@en
<http://bk.sport.owl#lukasz-fabianski>,"lukasz fabianski"@en
<http://bk.sport.owl#lukasz-fabianski>,"Lukasz Fabianski"@en
<http://bk.sport.owl#lukasz-fabianski>,"Fabianski"
<http://bk.sport.owl#clint-dempsey>,"Clint Dempsey"@en
<http://bk.sport.owl#river-plate>,"River Plate"@en
<http://bk.sport.owl#raphael-guerreiro>,"raphael guerreiro"@en
<http://bk.sport.owl#bernardo-espinosa>,"Bernardo Espinosa"@en
<http://bk.sport.owl#bernardo-espinosa>,"bernardo espinosa"@en
<http://bk.sport.owl#bernardo-espinosa>,"Espinosa"
<http://bk.sport.owl#sassuolo>,"Sassuolo"@en
<http://bk.sport.owl#bayer-leverkusen>,"Bayer Leverkusen"@en
<http://bk.sport.owl#lucas-digne>,"lucas digne"@en
<http://bk.sport.owl#lucas-digne>,"Lucas Digne"@en
<http://bk.sport.owl#lucas-digne>,"Digne"
<http://bk.sport.owl#riyad-mahrez>,"Riyad Mahrez"@en
<http://bk.sport.owl#riyad-mahrez>,"riyad mahrez"@en
<http://bk.sport.owl#riyad-mahrez>,"Mahrez"
<http://bk.sport.owl#carrow-road-football-stadium>,"Carrow Road"@en
<http://bk.sport.owl#phil-neville>,"Phil Neville"@en
<http://bk.sport.owl#roberto-mancini>,"Roberto Mancini"@en
<http://bk.sport.owl#ahmed-elmohamady>,"Ahmed Elmohamady"@en
<http://bk.sport.owl#sergi-roberto>,"sergi roberto"@en
<http://bk.sport.owl#sergi-roberto>,"Sergi Roberto"@en
<http://bk.sport.owl#sergi-roberto>,"Roberto"
<http://bk.sport.owl#andriy-yarmolenko>,"Andriy Yarmolenko"@en
<http://bk.sport.owl#amsterdamsche-football-club-ajax>,"Amsterdamsche Football Club Ajax"@en
<http://bk.sport.owl#tim-cahill>,"Tim Cahill"@en
<http://bk.sport.owl#allan-mcgregor>,"Allan McGregor"@en
<http://bk.sport.owl#allan-mcgregor>,"allan mcgregor"@en
<http://bk.sport.owl#blackpool>,"Blackpool"@en
<http://bk.sport.owl#newcastle>,"Newcastle"@en
<http://bk.sport.owl#nacho>,"Nacho"@en
<http://bk.sport.owl#nacho>,"nacho"@en
<http://bk.sport.owl#derrick-williams>,"Derrick Williams"@en
<http://bk.sport.owl#borussia-monchengladbach-fc>,"Borussia Monchengladbach"@en
<http://bk.sport.owl#gerard-pique>,"Gerard Pique"@en
<http://bk.sport.owl#gerard-pique>,"gerard pique"@en
<http://bk.sport.owl#gerard-pique>,"Gerard Piqu\u00C3\u00A9"@en
<http://bk.sport.owl#napoli-fc>,"Napoli fc"@en
<http://bk.sport.owl#jamie-paterson>,"Jamie Paterson"@en
<http://bk.sport.owl#philippe-coutinho>,"Philippe Coutinho"@en
<http://bk.sport.owl#philippe-coutinho>,"philippe coutinho"@en
<http://bk.sport.owl#matteo-darmian>,"matteo darmian"@en
<http://bk.sport.owl#matteo-darmian>,"Matteo Darmian"@en
<http://bk.sport.owl#matteo-darmian>,"Darmian"
<http://bk.sport.owl#geoffrey-kondogbia>,"Geoffrey Kondogbia"@en
<http://bk.sport.owl#geoffrey-kondogbia>,"geoffrey kondogbia"@en
<http://bk.sport.owl#geoffrey-kondogbia>,"Kondogbia"
<http://bk.sport.owl#paulinho>,"paulinho"@en
<http://bk.sport.owl#paulinho>,"Paulinho"@en
<http://bk.sport.owl#jan-vertonghen>,"jan vertonghen"@en
<http://bk.sport.owl#jan-vertonghen>,"Jan Vertonghen"@en
<http://bk.sport.owl#jan-vertonghen>,"Vertonghen"
<http://bk.sport.owl#anuar>,"anuar"@en
<http://bk.sport.owl#andre-ayew>,"andre ayew"@en
<http://bk.sport.owl#sebastian-larsson>,"sebastian larsson"@en
<http://bk.sport.owl#sebastian-larsson>,"Sebastian Larsson"@en
<http://bk.sport.owl#sebastian-larsson>,"Larsson"
<http://bk.sport.owl#white-hart-lane-football-stadium>,"White Hart Lane"@en
<http://bk.sport.owl#porto>,"Porto"@en
<http://bk.sport.owl#anderlecht>,"Anderlecht"@en
<http://bk.sport.owl#united-kingdom-country>,"United Kingdom"@en
<http://bk.sport.owl#james-milner>,"james milner"@en
<http://bk.sport.owl#james-milner>,"James Milner"@en
<http://bk.sport.owl#james-milner>,"Milner"
<http://bk.sport.owl#juventus-fc>,"Juventus"@en
<http://bk.sport.owl#robbie-neilson>,"Robbie Neilson"@en
<http://bk.sport.owl#george-thomas>,"George Thomas"@en
<http://bk.sport.owl#jamaal-lascelles>,"Jamaal Lascelles"@en
<http://bk.sport.owl#jamaal-lascelles>,"jamaal lascelles"@en
<http://bk.sport.owl#jamaal-lascelles>,"Lascelles"
<http://bk.sport.owl#adriano-galliani>,"Adriano Galliani"@en
<http://bk.sport.owl#keylor-navas>,"keylor navas"@en
<http://bk.sport.owl#keylor-navas>,"Keylor Navas"@en
<http://bk.sport.owl#keylor-navas>,"Navas"
<http://bk.sport.owl#dwight-gayle>,"Dwight Gayle"@en
<http://bk.sport.owl#dwight-gayle>,"Gayle"
<http://bk.sport.owl#jamie-murphy>,"Jamie Murphy"@en
<http://bk.sport.owl#jamie-murphy>,"jamie murphy"@en
<http://bk.sport.owl#james-vaughan>,"James Vaughan"@en
<http://bk.sport.owl#hoffenheim>,"Hoffenheim"@en
<http://bk.sport.owl#manchester-united-fc>,"Manchester United"@en
<http://bk.sport.owl#dean-cox>,"Dean Cox"@en
<http://bk.sport.owl#fernando-torres>,"Fernando Torres"@en
<http://bk.sport.owl#fernando-torres>,"Torres"
<http://bk.sport.owl#james-mcarthur>,"James McArthur"@en
<http://bk.sport.owl#james-mcarthur>,"james mcarthur"@en
<http://bk.sport.owl#james-mcarthur>,"McArthur"
<http://bk.sport.owl#barnsley>,"Barnsley"@en
<http://bk.sport.owl#jonny-evans>,"Jonny Evans"@en
<http://bk.sport.owl#jonny-evans>,"jonny evans"@en
<http://bk.sport.owl#jonny-evans>,"Evans"
<http://bk.sport.owl#raheem-sterling>,"raheem sterling"@en
<http://bk.sport.owl#raheem-sterling>,"Raheem Sterling"@en
<http://bk.sport.owl#raheem-sterling>,"Sterling"
<http://bk.sport.owl#kaka>,"kaka"@en
<http://bk.sport.owl#kaka>,"Kaka"@en
<http://bk.sport.owl#wesley-sneijder>,"Wesley Sneijder"@en
<http://bk.sport.owl#demarai-gray>,"Demarai Gray"@en
<http://bk.sport.owl#demarai-gray>,"demarai gray"@en
<http://bk.sport.owl#st-james-park-football-stadium>,"St James' Park"@en
<http://bk.sport.owl#st-james-park-football-stadium>,"St. James' Park"@en
<http://bk.sport.owl#harry-maguire>,"harry maguire"@en
<http://bk.sport.owl#harry-maguire>,"Harry Maguire"@en
<http://bk.sport.owl#pablo>,"pablo"@en
<http://bk.sport.owl#pablo>,"Pablo"@en
<http://bk.sport.owl#wolverhampton-wanderers>,"Wolverhampton Wanderers"@en
<http://bk.sport.owl#ross-barkley>,"Ross Barkley"@en
<http://bk.sport.owl#ross-barkley>,"ross barkley"@en
<http://bk.sport.owl#ross-barkley>,"Barkley"
<http://bk.sport.owl#new-york-city>,"New York City"@en
<http://bk.sport.owl#west-ham-united>,"West Ham United"@en
<http://bk.sport.owl#andrea-poli>,"Andrea Poli"@en
<http://bk.sport.owl#andrea-poli>,"andrea poli"@en
<http://bk.sport.owl#andrea-poli>,"Poli"
<http://bk.sport.owl#willem-janssen>,"willem janssen"@en
<http://bk.sport.owl#willem-janssen>,"Willem Janssen"@en
<http://bk.sport.owl#samir-handanovic>,"Samir Handanovic"@en
<http://bk.sport.owl#samir-handanovic>,"samir handanovic"@en
<http://bk.sport.owl#samir-handanovic>,"Handanovic"
<http://bk.sport.owl#federico-fazio>,"federico fazio"@en
<http://bk.sport.owl#federico-fazio>,"Federico Fazio"@en
<http://bk.sport.owl#federico-fazio>,"Fazio"
<http://bk.sport.owl#jacob-murphy>,"Jacob Murphy"@en
<http://bk.sport.owl#newcastle-united>,"Newcastle United"@en
<http://bk.sport.owl#andre-schurrle>,"andre schurrle"@en
<http://bk.sport.owl#andre-schurrle>,"Andre Schurrle"@en
<http://bk.sport.owl#xavi-hernandez>,"Xavi Hernandez"@en
<http://bk.sport.owl#bayern-munich>,"Bayern Munich"@en
<http://bk.sport.owl#confederation-of-north-central-american-and-caribbean-association-football>,"""Confederation of North, Central American and Caribbean Association Football""@en"
<http://bk.sport.owl#uefa-champions-league>,"UEFA Champions League"@en
<http://bk.sport.owl#eric-dier>,"eric dier"@en
<http://bk.sport.owl#eric-dier>,"Eric Dier"@en
<http://bk.sport.owl#eric-dier>,"Dier"
<http://bk.sport.owl#harry-arter>,"Harry Arter"@en
<http://bk.sport.owl#harry-arter>,"harry arter"@en
<http://bk.sport.owl#harry-arter>,"Arter"
<http://bk.sport.owl#rangers-fc>,"Rangers FC"@en
<http://bk.sport.owl#karl-henry>,"Karl Henry"@en
<http://bk.sport.owl#bradford-city-fc>,"Bradford City"@en
<http://bk.sport.owl#jon-walters>,"Jon Walters"@en
<http://bk.sport.owl#anthony-forde>,"Anthony Forde"@en
<http://bk.sport.owl#hammers>,"Hammers"@en
<http://bk.sport.owl#scott-parker>,"Scott Parker"
<http://bk.sport.owl#scott-parker>,"Scott Parker"@en
<http://bk.sport.owl#douglas-costa>,"Douglas Costa"@en
<http://bk.sport.owl#douglas-costa>,"douglas costa"@en
<http://bk.sport.owl#douglas-costa>,"Costa"
<http://bk.sport.owl#darren-fletcher>,"Darren Fletcher"@en
<http://bk.sport.owl#darren-fletcher>,"Fletcher"
<http://bk.sport.owl#fabio-borini>,"Fabio Borini"@en
<http://bk.sport.owl#fabio-borini>,"fabio borini"@en
<http://bk.sport.owl#fabio-borini>,"Borini"
<http://bk.sport.owl#simon-francis>,"Simon Francis"@en
<http://bk.sport.owl#simon-francis>,"simon francis"@en
<http://bk.sport.owl#simon-francis>,"Francis"
<http://bk.sport.owl#west-bromwich-albion>,"West Bromwich Albion"@en
<http://bk.sport.owl#luiz-adriano>,"luiz adriano"@en
<http://bk.sport.owl#luiz-adriano>,"Luiz Adriano"@en
<http://bk.sport.owl#luiz-adriano>,"Adriano"
<http://bk.sport.owl#ricardo-rodriguez>,"ricardo rodriguez"@en
<http://bk.sport.owl#anderlecht-fc>,"Anderlecht"@en
<http://bk.sport.owl#rotherham-united>,"Rotherham United F.C"@en
<http://bk.sport.owl#southampton-fc>,"Southampton"@en
<http://bk.sport.owl#karl-darlow>,"Karl Darlow"@en
<http://bk.sport.owl#karl-darlow>,"karl darlow"@en
<http://bk.sport.owl#karl-darlow>,"Darlow"
<http://bk.sport.owl#fc-copenhagen>,"FC Copenhagen"@en
<http://bk.sport.owl#ollie-watkins>,"Ollie Watkins"@en
<http://bk.sport.owl#victor-wanyama>,"victor wanyama"@en
<http://bk.sport.owl#victor-wanyama>,"Victor Wanyama"@en
<http://bk.sport.owl#victor-wanyama>,"Wanyama"
<http://bk.sport.owl#marcos-antonio>,"marcos antonio"@en
<http://bk.sport.owl#chris-smalling>,"chris smalling"@en
<http://bk.sport.owl#chris-smalling>,"Chris Smalling"@en
<http://bk.sport.owl#chris-smalling>,"Smalling"
<http://bk.sport.owl#tommy-smith>,"Tommy Smith"@en
<http://bk.sport.owl#christian-eriksen>,"Christian Eriksen"@en
<http://bk.sport.owl#christian-eriksen>,"christian eriksen"@en
<http://bk.sport.owl#christian-eriksen>,"Eriksen"
<http://bk.sport.owl#malaga-fc>,"Malaga"@en
<http://bk.sport.owl#alex>,"alex"@en
<http://bk.sport.owl#alex>,"Alex"@en
<http://bk.sport.owl#alex>,"Alex"
<http://bk.sport.owl#martin-skrtel>,"Martin Skrtel"@en
<http://bk.sport.owl#martin-skrtel>,"martin skrtel"@en
<http://bk.sport.owl#martin-skrtel>,"Skrtel"
<http://bk.sport.owl#shinji-kagawa>,"shinji kagawa"@en
<http://bk.sport.owl#shinji-kagawa>,"Shinji Kagawa"@en
<http://bk.sport.owl#shinji-kagawa>,"Kagawa"
<http://bk.sport.owl#jese>,"jese"@en
<http://bk.sport.owl#willy-caballero>,"willy caballero"@en
<http://bk.sport.owl#willy-caballero>,"Willy Caballero"@en
<http://bk.sport.owl#willy-caballero>,"Caballero"
<http://bk.sport.owl#james-rodriguez>,"james rodriguez"@en
<http://bk.sport.owl#james-rodriguez>,"James Rodriguez"@en
<http://bk.sport.owl#ross-mccormack>,"ross mccormack"@en
<http://bk.sport.owl#ross-mccormack>,"Ross McCormack"@en
<http://bk.sport.owl#adam-smith>,"Adam Smith"@en
<http://bk.sport.owl#adam-smith>,"adam smith"@en
<http://bk.sport.owl#adam-smith>,"Smith"
<http://bk.sport.owl#ben-mee>,"Ben Mee"@en
<http://bk.sport.owl#ben-mee>,"ben mee"@en
<http://bk.sport.owl#samir-nasri>,"samir nasri"@en
<http://bk.sport.owl#samir-nasri>,"Samir Nasri"@en
<http://bk.sport.owl#samir-nasri>,"Nasri"
<http://bk.sport.owl#stuart-armstrong>,"Stuart Armstrong"@en
<http://bk.sport.owl#stuart-armstrong>,"stuart armstrong"@en
<http://bk.sport.owl#elliott-bennett>,"Elliott Bennett"@en
<http://bk.sport.owl#elliott-bennett>,"Bennett"
<http://bk.sport.owl#maya-yoshida>,"Maya Yoshida"@en
<http://bk.sport.owl#maya-yoshida>,"maya yoshida"@en
<http://bk.sport.owl#maya-yoshida>,"Yoshida"
<http://bk.sport.owl#lorenzo-insigne>,"lorenzo insigne"@en
<http://bk.sport.owl#lorenzo-insigne>,"Lorenzo Insigne"@en
<http://bk.sport.owl#lorenzo-insigne>,"Insigne"
<http://bk.sport.owl#craig-bellamy>,"Craig Bellamy"@en
<http://bk.sport.owl#danny-graham>,"Danny Graham"@en
<http://bk.sport.owl#danny-graham>,"Graham"
<http://bk.sport.owl#petr-cech>,"Petr Cech"@en
<http://bk.sport.owl#petr-cech>,"petr cech"@en
<http://bk.sport.owl#petr-cech>,"Cech"
<http://bk.sport.owl#swansea-city-fc>,"Swansea City"@en
<http://bk.sport.owl#mapou-yanga-mbiwa>,"Yanga-Mbiwa"
<http://bk.sport.owl#mapou-yanga-mbiwa>,"mapou yanga mbiwa"@en
<http://bk.sport.owl#mapou-yanga-mbiwa>,"Mapou Yanga-Mbiwa"@en
<http://bk.sport.owl#vicente>,"vicente"@en
<http://bk.sport.owl#wigan-athletic>,"Wigan Athletic"@en
<http://bk.sport.owl#la-liga>,"La Liga"@en
<http://bk.sport.owl#tom-huddlestone>,"Tom Huddlestone"@en
<http://bk.sport.owl#kenny-miller>,"kenny miller"@en
<http://bk.sport.owl#kenny-miller>,"Kenny Miller"@en
<http://bk.sport.owl#bolton-fc>,"PortoBolton"@en
<http://bk.sport.owl#rafael>,"rafael"@en
<http://bk.sport.owl#rafael>,"Rafael"@en
<http://bk.sport.owl#rafael>,"Rafael"
<http://bk.sport.owl#accrington-stanley-fc>,"Accrington Stanley"@en
<http://bk.sport.owl#richard-brindley>,"Richard Brindley"@en
<http://bk.sport.owl#arsenal-stadium>,"Arsenal"@en
<http://bk.sport.owl#hatem-ben-arfa>,"hatem ben arfa"@en
<http://bk.sport.owl#hatem-ben-arfa>,"Hatem Ben Arfa"@en
<http://bk.sport.owl#hatem-ben-arfa>,"Arfa"
<http://bk.sport.owl#burton-albion>,"Burton Albion"@en
<http://bk.sport.owl#paul-mcgowan>,"Paul McGowan"@en
<http://bk.sport.owl#paul-mcgowan>,"paul mcgowan"@en
<http://bk.sport.owl#sergio-busquets>,"Sergio Busquets"@en
<http://bk.sport.owl#sergio-busquets>,"sergio busquets"@en
<http://bk.sport.owl#sergio-busquets>,"Busquets"
<http://bk.sport.owl#didier-drogba>,"Didier Drogba"@en
<http://bk.sport.owl#stamford-bridge-stadium>,"Stamford Bridge"@en
<http://bk.sport.owl#kei-kamara>,"Kei Kamara"@en
<http://bk.sport.owl#fabio>,"Fabio"@en
<http://bk.sport.owl#fabio>,"fabio"@en
<http://bk.sport.owl#fussball-club-basel-1893-fc>,"Fussball Club Basel 1893"@en
<http://bk.sport.owl#jason>,"jason"@en
<http://bk.sport.owl#jason>,"Jason"@en
<http://bk.sport.owl#jason>,"Jason"
<http://bk.sport.owl#david-alaba>,"David Alaba"@en
<http://bk.sport.owl#david-alaba>,"david alaba"@en
<http://bk.sport.owl#david-alaba>,"Alaba"
<http://bk.sport.owl#phil-bardsley>,"Phil Bardsley"@en
<http://bk.sport.owl#phil-bardsley>,"phil bardsley"@en
<http://bk.sport.owl#phil-bardsley>,"Bardsley"
<http://bk.sport.owl#lyon-fc>,"Lyon"@en
<http://bk.sport.owl#celtic>,"Celtic"@en
<http://bk.sport.owl#celtic>,"Celtic FC"@en
<http://bk.sport.owl#sam-vokes>,"Sam Vokes"@en
<http://bk.sport.owl#moise-kean>,"moise kean"@en
<http://bk.sport.owl#moise-kean>,"Moise Kean"@en
<http://bk.sport.owl#stefan-bell>,"Stefan Bell"@en
<http://bk.sport.owl#stefan-bell>,"stefan bell"@en
<http://bk.sport.owl#stefan-bell>,"Bell"
<http://bk.sport.owl#kenny-jackett>,"Kenny Jackett"@en
<http://bk.sport.owl#domenico-berardi>,"domenico berardi"@en
<http://bk.sport.owl#domenico-berardi>,"Domenico Berardi"@en
<http://bk.sport.owl#domenico-berardi>,"Berardi"
<http://bk.sport.owl#stevenage>,"Stevenage"@en
<http://bk.sport.owl#selhurst-park-stadium>,"Selhurst Park"@en
<http://bk.sport.owl#fabian-johnson>,"Fabian Johnson"@en
<http://bk.sport.owl#fabian-johnson>,"fabian johnson"@en
<http://bk.sport.owl#fabian-johnson>,"Johnson"
<http://bk.sport.owl#dele-alli>,"dele alli"@en
<http://bk.sport.owl#dele-alli>,"Dele Alli"@en
<http://bk.sport.owl#dele-alli>,"Alli"
<http://bk.sport.owl#neymar>,"neymar"@en
<http://bk.sport.owl#neymar>,"Neymar"@en
<http://bk.sport.owl#neymar>,"Neymar"
<http://bk.sport.owl#james-tomkins>,"james tomkins"@en
<http://bk.sport.owl#james-tomkins>,"James Tomkins"@en
<http://bk.sport.owl#james-tomkins>,"Tomkins"
<http://bk.sport.owl#isco>,"isco"@en
<http://bk.sport.owl#isco>,"Isco"@en
<http://bk.sport.owl#isco>,"Isco"
<http://bk.sport.owl#davinson-sanchez>,"davinson sanchez"@en
<http://bk.sport.owl#alexander-szymanowski>,"Alexander Szymanowski"@en
<http://bk.sport.owl#alexander-szymanowski>,"alexander szymanowski"@en
<http://bk.sport.owl#thomas-muller>,"thomas muller"@en
<http://bk.sport.owl#thomas-muller>,"Thomas M\u00C3\u00BCller"@en
<http://bk.sport.owl#arturo-vidal>,"arturo vidal"@en
<http://bk.sport.owl#arturo-vidal>,"Arturo Vidal"@en
<http://bk.sport.owl#arturo-vidal>,"Vidal"
<http://bk.sport.owl#montpellier>,"Montpellier"@en
<http://bk.sport.owl#pierre-emerick-aubameyang>,"Pierre-Emerick Aubameyang"@en
<http://bk.sport.owl#pierre-emerick-aubameyang>,"pierre emerick aubameyang"@en
<http://bk.sport.owl#pierre-emerick-aubameyang>,"Aubameyang"
<http://bk.sport.owl#steve-cook>,"Steve Cook"@en
<http://bk.sport.owl#steve-cook>,"steve cook"@en
<http://bk.sport.owl#steve-cook>,"Cook"
<http://bk.sport.owl#youri-tielemans>,"youri tielemans"@en
<http://bk.sport.owl#youri-tielemans>,"Youri Tielemans"@en
<http://bk.sport.owl#bruno>,"Bruno"@en
<http://bk.sport.owl#bruno>,"bruno"@en
<http://bk.sport.owl#ronald-zubar>,"Ronald Zubar"@en
<http://bk.sport.owl#blackburn-rovers-fc>,"Blackburn Rovers"@en
<http://bk.sport.owl#james-tavernier>,"James Tavernier"@en
<http://bk.sport.owl#james-tavernier>,"james tavernier"@en
<http://bk.sport.owl#gael-clichy>,"Gael Clichy"@en
<http://bk.sport.owl#gael-clichy>,"gael clichy"@en
<http://bk.sport.owl#ivan-rakitic>,"ivan rakitic"@en
<http://bk.sport.owl#ivan-rakitic>,"Ivan Rakitic"@en
<http://bk.sport.owl#ivan-rakitic>,"Rakitic"
<http://bk.sport.owl#bradford-city>,"Bradford City"@en
<http://bk.sport.owl#steven-gerrard>,"Steven Gerrard"
<http://bk.sport.owl#steven-gerrard>,"Steven Gerrard"@en
<http://bk.sport.owl#westham-fc>,"West Ham"@en
<http://bk.sport.owl#olympic-football-stadium>,"Olympic Stadium"@en
<http://bk.sport.owl#yohan-cabaye>,"Yohan Cabaye"@en
<http://bk.sport.owl#yohan-cabaye>,"Cabaye"
<http://bk.sport.owl#burnley>,"Burnley FC"@en
<http://bk.sport.owl#burnley>,"Burnley"@en
<http://bk.sport.owl#alan-pardew>,"Alan Pardew"@en
<http://bk.sport.owl#alvaro-arbeloa>,"Alvaro Arbeloa"@en
<http://bk.sport.owl#chris-wood>,"chris wood"@en
<http://bk.sport.owl#chris-wood>,"Chris Wood"@en
<http://bk.sport.owl#emirates-football-stadium>,"Emirates Stadium"@en
<http://bk.sport.owl#lukas-jutkiewicz>,"Lukas Jutkiewicz"@en
<http://bk.sport.owl#porto-fc>,"Porto"@en
<http://bk.sport.owl#kamil-glik>,"kamil glik"@en
<http://bk.sport.owl#kamil-glik>,"Kamil Glik"@en
<http://bk.sport.owl#kamil-glik>,"Glik"
<http://bk.sport.owl#daniel-alves>,"Daniel Alves"@en
<http://bk.sport.owl#hector-bellerin>,"hector bellerin"@en
<http://bk.sport.owl#paris-saint-germain>,"Paris Saint-Germain"@en
<http://bk.sport.owl#lee-frecklington>,"Lee Frecklington"@en
<http://bk.sport.owl#charles-aranguiz>,"charles aranguiz"@en
<http://bk.sport.owl#kevin-doyle>,"Kevin Doyle"@en
<http://bk.sport.owl#jadon-sancho>,"jadon sancho"@en
<http://bk.sport.owl#jadon-sancho>,"Jadon Sancho"@en
<http://bk.sport.owl#kieran-gibbs>,"Kieran Gibbs"@en
<http://bk.sport.owl#kieran-gibbs>,"Gibbs"
<http://bk.sport.owl#cesar-azpilicueta>,"Cesar Azpilicueta"@en
<http://bk.sport.owl#cesar-azpilicueta>,"cesar azpilicueta"@en
<http://bk.sport.owl#mario-mandzukic>,"mario mandzukic"@en
<http://bk.sport.owl#mario-mandzukic>,"Mario Mandzukic"@en
<http://bk.sport.owl#mario-mandzukic>,"Mandzukic"
<http://bk.sport.owl#michael-o'halloran>,"Michael O'Halloran"@en
<http://bk.sport.owl#michael-o'halloran>,"michael o'halloran"@en
<http://bk.sport.owl#rogerio>,"rogerio"@en
<http://bk.sport.owl#tomas-rosicky>,"Toma\u00C5\u00A1 Rosick\u00C3\u00BD"@en
<http://bk.sport.owl#tomas-rosicky>,"Tomas Rosicky"@en
<http://bk.sport.owl#steven-fletcher>,"Steven Fletcher"@en
<http://bk.sport.owl#steven-fletcher>,"Fletcher"
<http://bk.sport.owl#football-league-one>,"Football League One"@en
<http://bk.sport.owl#thibaut-courtois>,"Thibaut Courtois"@en
<http://bk.sport.owl#thibaut-courtois>,"thibaut courtois"@en
<http://bk.sport.owl#thibaut-courtois>,"Courtois"
<http://bk.sport.owl#shrewsbury-town>,"Shrewsbury Town"@en
<http://bk.sport.owl#robbie-brady>,"Robbie Brady"@en
<http://bk.sport.owl#robbie-brady>,"robbie brady"@en
<http://bk.sport.owl#robbie-brady>,"Brady"
<http://bk.sport.owl#vincent-kompany>,"Vincent Kompany"@en
<http://bk.sport.owl#vincent-kompany>,"vincent kompany"@en
<http://bk.sport.owl#vincent-kompany>,"Kompany"
<http://bk.sport.owl#dundee-united>,"Dundee United"@en
<http://bk.sport.owl#mauricio-pochettino>,"Mauricio Pochettino"
<http://bk.sport.owl#mauricio-pochettino>,"Mauricio Pochettino"@en
<http://bk.sport.owl#theo-hernandez>,"theo hernandez"@en
<http://bk.sport.owl#willi-orban>,"Willi Orban"@en
<http://bk.sport.owl#willi-orban>,"willi orban"@en
<http://bk.sport.owl#david-de-gea>,"David De Gea"@en
<http://bk.sport.owl#david-de-gea>,"david de gea"@en
<http://bk.sport.owl#david-de-gea>,"David de Gea"@en
<http://bk.sport.owl#david-de-gea>,"Gea"
<http://bk.sport.owl#sadio-mane>,"sadio mane"@en
<http://bk.sport.owl#john-stones>,"john stones"@en
<http://bk.sport.owl#john-stones>,"John Stones"@en
<http://bk.sport.owl#john-stones>,"Stones"
<http://bk.sport.owl#craig-halkett>,"craig halkett"@en
<http://bk.sport.owl#craig-halkett>,"Craig Halkett"@en
<http://bk.sport.owl#dortmund-fc>,"Dortmund"@en
<http://bk.sport.owl#dieumerci-mbokani>,"Dieumerci Mbokani"@en
<http://bk.sport.owl#dieumerci-mbokani>,"dieumerci mbokani"@en
<http://bk.sport.owl#goodison-park-football-stadium>,"Goodison Park"@en
<http://bk.sport.owl#paul-dummett>,"Paul Dummett"@en
<http://bk.sport.owl#paul-dummett>,"paul dummett"@en
<http://bk.sport.owl#paul-dummett>,"Dummett"
<http://bk.sport.owl#keith-alexander>,"Keith Alexander"@en
<http://bk.sport.owl#reece-oxford>,"Reece Oxford"@en
<http://bk.sport.owl#reece-oxford>,"reece oxford"@en
<http://bk.sport.owl#reece-oxford>,"Oxford"
<http://bk.sport.owl#pedro>,"Pedro"@en
<http://bk.sport.owl#pedro>,"pedro"@en
<http://bk.sport.owl#pedro>,"Pedro"
<http://bk.sport.owl#rickie-lambert>,"Rickie Lambert"@en
<http://bk.sport.owl#rickie-lambert>,"Lambert"
<http://bk.sport.owl#colin-daniel>,"Colin Daniel"@en
<http://bk.sport.owl#queens-park-rangers-fc>,"Queens Park Rangers"@en
<http://bk.sport.owl#bayer-leverkusen-fc>,"Bayer Leverkusen"@en
<http://bk.sport.owl#michail-antonio>,"Michail Antonio"@en
<http://bk.sport.owl#michail-antonio>,"michail antonio"@en
<http://bk.sport.owl#lucas>,"Lucas"@en
<http://bk.sport.owl#lucas>,"lucas"@en
<http://bk.sport.owl#lucas>,"Lucas"
<http://bk.sport.owl#luiz-gustavo>,"Luiz Gustavo"@en
<http://bk.sport.owl#luiz-gustavo>,"luiz gustavo"@en
<http://bk.sport.owl#luiz-gustavo>,"Gustavo"
<http://bk.sport.owl#franck-ribery>,"franck ribery"@en
<http://bk.sport.owl#franck-ribery>,"Franck Rib\u00C3\u00A9ry"@en
<http://bk.sport.owl#jamie-jones>,"Jamie Jones"@en
<http://bk.sport.owl#mikel-arteta>,"Mikel Arteta"@en
<http://bk.sport.owl#mikel-arteta>,"Arteta"
<http://bk.sport.owl#sassuolo-fc>,"Sassuolo"@en
<http://bk.sport.owl#ronald-koeman>,"Ronald Koeman"@en
<http://bk.sport.owl#florian-kamberi>,"florian kamberi"@en
<http://bk.sport.owl#florian-kamberi>,"Florian Kamberi"@en
<http://bk.sport.owl#isaac-hayden>,"isaac hayden"@en
<http://bk.sport.owl#isaac-hayden>,"Isaac Hayden"@en
<http://bk.sport.owl#the-hawthorns-football-stadium>,"The Hawthorns"@en
<http://bk.sport.owl#hartlepool-united>,"Hartlepool United"@en
<http://bk.sport.owl#pablo-zabaleta>,"Pablo Zabaleta"@en
<http://bk.sport.owl#pablo-zabaleta>,"pablo zabaleta"@en
<http://bk.sport.owl#pablo-zabaleta>,"Zabaleta"
<http://bk.sport.owl#adrien-rabiot>,"Adrien Rabiot"@en
<http://bk.sport.owl#adrien-rabiot>,"adrien rabiot"@en
<http://bk.sport.owl#adrien-rabiot>,"Rabiot"
<http://bk.sport.owl#aek-athens>,"AEK Athens"@en
<http://bk.sport.owl#watford>,"Watford FC"@en
<http://bk.sport.owl#watford>,"Watford"@en
<http://bk.sport.owl#camp-nou-football-stadium>,"Camp Nou"@en
<http://bk.sport.owl#sport-lisboa-e-benfica-fc>,"Sport Lisboa e Benfica"@en
<http://bk.sport.owl#toni-kroos>,"Toni Kroos"@en
<http://bk.sport.owl#toni-kroos>,"toni kroos"@en
<http://bk.sport.owl#toni-kroos>,"Kroos"
<http://bk.sport.owl#newcastle-fc>,"Newcastle"@en
<http://bk.sport.owl#fulham-fc>,"Fulham"@en
<http://bk.sport.owl#sport-lisboa-e-benfica>,"Sport Lisboa e Benfica"@en
<http://bk.sport.owl#blackburn-rovers>,"Blackburn Rovers"@en
<http://bk.sport.owl#andres-guardado>,"andres guardado"@en
<http://bk.sport.owl#joe-rafferty>,"Joe Rafferty"@en
<http://bk.sport.owl#as-roma-fc>,"AS Roma"@en
<http://bk.sport.owl#newcastle-united-fc>,"Newcastle United"@en
<http://bk.sport.owl#billy-sharp>,"Billy Sharp"@en
<http://bk.sport.owl#fred>,"fred"@en
<http://bk.sport.owl#fred>,"Fred"@en
<http://bk.sport.owl#jesse-lingard>,"jesse lingard"@en
<http://bk.sport.owl#jesse-lingard>,"Jesse Lingard"@en
<http://bk.sport.owl#jesse-lingard>,"Lingard"
<http://bk.sport.owl#guingamp>,"Guingamp"@en
<http://bk.sport.owl#paul-aguilar>,"Paul Aguilar"@en
<http://bk.sport.owl#notts-county>,"Notts County"@en
<http://bk.sport.owl#allianz-arena-football-stadium>,"Allianz Arena"@en
<http://bk.sport.owl#ben-woodburn>,"ben woodburn"@en
<http://bk.sport.owl#conor-hourihane>,"Conor Hourihane"@en
<http://bk.sport.owl#giovanni-troupee>,"giovanni troupee"@en
<http://bk.sport.owl#andre-gomes>,"andre gomes"@en
<http://bk.sport.owl#thomas>,"Thomas"@en
<http://bk.sport.owl#thomas>,"thomas"@en
<http://bk.sport.owl#thomas>,"Thomas"
<http://bk.sport.owl#artur>,"artur"@en
<http://bk.sport.owl#artur>,"Artur"@en
<http://bk.sport.owl#montpellier-fc>,"Montpellier"@en
<http://bk.sport.owl#daniel-sturridge>,"Daniel Sturridge"@en
<http://bk.sport.owl#daniel-sturridge>,"daniel sturridge"@en
<http://bk.sport.owl#daniel-sturridge>,"Sturridge"
<http://bk.sport.owl#union-of-european-football-associations>,"Union of European Football Associations"@en
<http://bk.sport.owl#gelson-fernandes>,"gelson fernandes"@en
<http://bk.sport.owl#gelson-fernandes>,"Gelson Fernandes"@en
<http://bk.sport.owl#gelson-fernandes>,"Fernandes"
<http://bk.sport.owl#gabriel-jesus>,"gabriel jesus"@en
<http://bk.sport.owl#gabriel-jesus>,"Gabriel Jesus"@en
<http://bk.sport.owl#marcus-rashford>,"Marcus Rashford"@en
<http://bk.sport.owl#marcus-rashford>,"marcus rashford"@en
<http://bk.sport.owl#burnley-fc>,"Burnley"@en
<http://bk.sport.owl#real-sociedad>,"Real Sociedad"@en
<http://bk.sport.owl#aguinaldo>,"Aguinaldo"@en
<http://bk.sport.owl#per-mertesacker>,"Mertesacker"
<http://bk.sport.owl#per-mertesacker>,"Per Mertesacker"@en
<http://bk.sport.owl#fernando>,"fernando"@en
<http://bk.sport.owl#fernando>,"Fernando"@en
<http://bk.sport.owl#fernando>,"Fernando"
<http://bk.sport.owl#miguel-almiron>,"miguel almiron"@en
<http://bk.sport.owl#holger-badstuber>,"Holger Badstuber"@en
<http://bk.sport.owl#holger-badstuber>,"holger badstuber"@en
<http://bk.sport.owl#holger-badstuber>,"Badstuber"
<http://bk.sport.owl#lille-fc>,"Lille"@en
<http://bk.sport.owl#daniel-ayala>,"Daniel Ayala"@en
<http://bk.sport.owl#cristhian-stuani>,"cristhian stuani"@en
<http://bk.sport.owl#cristhian-stuani>,"Cristhian Stuani"@en
<http://bk.sport.owl#christophe-jallet>,"christophe jallet"@en
<http://bk.sport.owl#christophe-jallet>,"Christophe Jallet"@en
<http://bk.sport.owl#christophe-jallet>,"Jallet"
<http://bk.sport.owl#marcel-schmelzer>,"marcel schmelzer"@en
<http://bk.sport.owl#marcel-schmelzer>,"Marcel Schmelzer"@en
<http://bk.sport.owl#marcel-schmelzer>,"Schmelzer"
<http://bk.sport.owl#fussball-club-basel-1893>,"Fussball Club Basel 1893"@en
<http://bk.sport.owl#marten-de-roon>,"marten de roon"@en
<http://bk.sport.owl#marten-de-roon>,"Roon"
<http://bk.sport.owl#bolton-wanderers>,"Bolton Wanderers"@en
<http://bk.sport.owl#real-sociedad-fc>,"Real Sociedad"@en
<http://bk.sport.owl#derby-county-fc>,"Derby County"@en
<http://bk.sport.owl#nemanja-matic>,"nemanja matic"@en
<http://bk.sport.owl#nemanja-matic>,"Nemanja Matic"@en
<http://bk.sport.owl#nemanja-matic>,"Matic"
<http://bk.sport.owl#galatasaray-fc>,"Galatasaray"@en
<http://bk.sport.owl#ed-woodward>,"Ed Woodward"@en
<http://bk.sport.owl#manuel-pucciarelli>,"Pucciarelli"
<http://bk.sport.owl#manuel-pucciarelli>,"manuel pucciarelli"@en
<http://bk.sport.owl#manuel-pucciarelli>,"Manuel Pucciarelli"@en
<http://bk.sport.owl#fa-cup>,"FA Cup"@en
<http://bk.sport.owl#alex-smith>,"Alex Smith"@en
<http://bk.sport.owl#anthony-knockaert>,"Anthony Knockaert"@en
<http://bk.sport.owl#anthony-knockaert>,"anthony knockaert"@en
<http://bk.sport.owl#shane-long>,"shane long"@en
<http://bk.sport.owl#shane-long>,"Shane Long"@en
<http://bk.sport.owl#shane-long>,"Long"
<http://bk.sport.owl#axel-witsel>,"Axel Witsel"@en
<http://bk.sport.owl#axel-witsel>,"axel witsel"@en
<http://bk.sport.owl#belgium>,"Belgium"@en
<http://bk.sport.owl#filippo-inzaghi>,"Filippo Inzaghi"@en
<http://bk.sport.owl#ryan-kent>,"Ryan Kent"@en
<http://bk.sport.owl#ryan-kent>,"ryan kent"@en
<http://bk.sport.owl#julio-cesar>,"julio cesar"@en
<http://bk.sport.owl#julio-cesar>,"Julio Cesar"@en
<http://bk.sport.owl#jermain-defoe>,"jermain defoe"@en
<http://bk.sport.owl#jermain-defoe>,"Jermain Defoe"@en
<http://bk.sport.owl#jermain-defoe>,"Defoe"
<http://bk.sport.owl#charlton-athletic>,"Charlton Athletic"@en
<http://bk.sport.owl#rio-mavuba>,"Rio Mavuba"@en
<http://bk.sport.owl#rio-mavuba>,"Mavuba"
<http://bk.sport.owl#brad-friedel>,"Brad Friedel"@en
<http://bk.sport.owl#roberto-pereyra>,"roberto pereyra"@en
<http://bk.sport.owl#roberto-pereyra>,"Roberto Pereyra"@en
<http://bk.sport.owl#roberto-pereyra>,"Pereyra"
<http://bk.sport.owl#xherdan-shaqiri>,"xherdan shaqiri"@en
<http://bk.sport.owl#xherdan-shaqiri>,"Xherdan Shaqiri"@en
<http://bk.sport.owl#xherdan-shaqiri>,"Shaqiri"
<http://bk.sport.owl#scott-bain>,"scott bain"@en
<http://bk.sport.owl#scott-bain>,"Scott Bain"@en
<http://bk.sport.owl#sergio-romero>,"sergio romero"@en
<http://bk.sport.owl#sergio-romero>,"Sergio Romero"@en
<http://bk.sport.owl#sergio-romero>,"Romero"
<http://bk.sport.owl#antoine-griezmann>,"Antoine Griezmann"@en
<http://bk.sport.owl#antoine-griezmann>,"antoine griezmann"@en
<http://bk.sport.owl#antoine-griezmann>,"Griezmann"
<http://bk.sport.owl#king-power-stadium-stadium>,"King Power Stadium"@en
<http://bk.sport.owl#david-silva>,"David Silva"@en
<http://bk.sport.owl#david-silva>,"david silva"@en
<http://bk.sport.owl#david-silva>,"Silva"
<http://bk.sport.owl#andros-townsend>,"Andros Townsend"@en
<http://bk.sport.owl#andros-townsend>,"andros townsend"@en
<http://bk.sport.owl#andros-townsend>,"Townsend"
<http://bk.sport.owl#mario-gomez>,"mario gomez"@en
<http://bk.sport.owl#mario-gomez>,"Mario Gomez"@en
<http://bk.sport.owl#david-button>,"David Button"@en
<http://bk.sport.owl#david-button>,"david button"@en
<http://bk.sport.owl#simeon-jackson>,"simeon jackson"@en
<http://bk.sport.owl#simeon-jackson>,"Simeon Jackson"@en
<http://bk.sport.owl#eduardo>,"eduardo"@en
<http://bk.sport.owl#eduardo>,"Eduardo"@en
<http://bk.sport.owl#alessio-cerci>,"alessio cerci"@en
<http://bk.sport.owl#alessio-cerci>,"Alessio Cerci"@en
<http://bk.sport.owl#alessio-cerci>,"Cerci"
<http://bk.sport.owl#norwich-city-fc>,"Norwich City"@en
<http://bk.sport.owl#michel-bastos>,"Michel Bastos"@en
<http://bk.sport.owl#leighton-baines>,"Leighton Baines"@en
<http://bk.sport.owl#leighton-baines>,"leighton baines"@en
<http://bk.sport.owl#leighton-baines>,"Baines"
<http://bk.sport.owl#roberto-firmino>,"Roberto Firmino"@en
<http://bk.sport.owl#roberto-firmino>,"roberto firmino"@en
<http://bk.sport.owl#roberto-firmino>,"Firmino"
<http://bk.sport.owl#yerry-mina>,"Yerry Mina"@en
<http://bk.sport.owl#yerry-mina>,"yerry mina"@en
<http://bk.sport.owl#gabriel-mercado>,"gabriel mercado"@en
<http://bk.sport.owl#gabriel-mercado>,"Gabriel Mercado"@en
<http://bk.sport.owl#wilfried-bony>,"Wilfried Bony"@en
<http://bk.sport.owl#wilfried-bony>,"Bony"
<http://bk.sport.owl#nigel-de-jong>,"Nigel De Jong"@en
<http://bk.sport.owl#nigel-de-jong>,"Jong"
<http://bk.sport.owl#platini>,"platini"@en
<http://bk.sport.owl#platini>,"Platini"@en
<http://bk.sport.owl#carlos-tevez>,"Carlos Tevez"@en
<http://bk.sport.owl#david-ospina>,"david ospina"@en
<http://bk.sport.owl#david-ospina>,"David Ospina"@en
<http://bk.sport.owl#david-ospina>,"Ospina"
<http://bk.sport.owl#brentford>,"Brentford"@en
<http://bk.sport.owl#etihad-stadium-stadium>,"Etihad Stadium"@en
<http://bk.sport.owl#leeds-united-fc>,"Leeds United"@en
<http://bk.sport.owl#mesut-ozil>,"mesut ozil"@en
<http://bk.sport.owl#mesut-ozil>,"ozil"
<http://bk.sport.owl#as-monaco>,"AS Monaco"@en
<http://bk.sport.owl#paddy-mcnair>,"Paddy McNair"@en
<http://bk.sport.owl#junior-stanislas>,"junior stanislas"@en
<http://bk.sport.owl#junior-stanislas>,"Junior Stanislas"@en
<http://bk.sport.owl#junior-stanislas>,"Stanislas"
<http://bk.sport.owl#david-moyes>,"David Moyes"@en
<http://bk.sport.owl#pepe>,"Pepe"@en
<http://bk.sport.owl#pepe>,"pepe"@en
<http://bk.sport.owl#pepe>,"Pepe"
<http://bk.sport.owl#lille>,"Lille"@en
<http://bk.sport.owl#assis>,"assis"@en
<http://bk.sport.owl#assis>,"Assis"@en
<http://bk.sport.owl#sheffield-wednesday>,"Sheffield Wednesday"@en
<http://bk.sport.owl#arda-turan>,"arda turan"@en
<http://bk.sport.owl#arda-turan>,"Arda Turan"@en
<http://bk.sport.owl#arda-turan>,"Turan"
<http://bk.sport.owl#st-james'-park-stadium>,"St James' Park"@en
<http://bk.sport.owl#elland-road-leeds-united-fc>,"Elland Road"@en
<http://bk.sport.owl#elland-road-leeds-united>,"Elland Road"@en
<http://bk.sport.owl#russell-martin>,"Russell Martin"@en
<http://bk.sport.owl#russell-martin>,"Martin"
<http://bk.sport.owl#danilo>,"danilo"@en
<http://bk.sport.owl#danilo>,"Danilo"@en
<http://bk.sport.owl#danilo>,"Danilo"
<http://bk.sport.owl#emre-mor>,"emre mor"@en
<http://bk.sport.owl#emre-mor>,"Emre Mor"@en
<http://bk.sport.owl#erik-falkenburg>,"Erik Falkenburg"@en
<http://bk.sport.owl#erik-falkenburg>,"erik falkenburg"@en
<http://bk.sport.owl#sylvain-marveaux>,"Sylvain Marveaux"@en
<http://bk.sport.owl#sylvain-marveaux>,"Marveaux"
<http://bk.sport.owl#andy-carroll>,"Andy Carroll"@en
<http://bk.sport.owl#andy-carroll>,"andy carroll"@en
<http://bk.sport.owl#andy-carroll>,"Carroll"
<http://bk.sport.owl#paris-saint-germain-fc>,"Paris Saint-Germain"@en
<http://bk.sport.owl#alexis-sanchez>,"alexis sanchez"@en
<http://bk.sport.owl#alexis-sanchez>,"Alexis Sanchez"@en
<http://bk.sport.owl#rzd-arena-stadium>,"RZD Arena"@en
<http://bk.sport.owl#marvin-sordell>,"Marvin Sordell"@en
<http://bk.sport.owl#as-monaco-fc>,"AS Monaco"@en
<http://bk.sport.owl#allianz-arena-stadium>,"Allianz Arena"@en
<http://bk.sport.owl#bobby-wood>,"bobby wood"@en
<http://bk.sport.owl#bobby-wood>,"Bobby Wood"@en
<http://bk.sport.owl#giorgio-chiellini>,"giorgio chiellini"@en
<http://bk.sport.owl#giorgio-chiellini>,"Giorgio Chiellini"@en
<http://bk.sport.owl#giorgio-chiellini>,"Chiellini"
<http://bk.sport.owl#derby-county>,"Derby County"@en
<http://bk.sport.owl#augusto>,"augusto"@en
<http://bk.sport.owl#augusto>,"Augusto"@en
<http://bk.sport.owl#john-obi-mikel>,"John Obi Mikel"@en
<http://bk.sport.owl#john-obi-mikel>,"Mikel"
<http://bk.sport.owl#dominic-ball>,"dominic ball"@en
<http://bk.sport.owl#dominic-ball>,"Dominic Ball"@en
<http://bk.sport.owl#robert-snodgrass>,"robert snodgrass"@en
<http://bk.sport.owl#robert-snodgrass>,"Robert Snodgrass"@en
<http://bk.sport.owl#stamford-bridge-football-stadium>,"Stamford Bridge"@en
<http://bk.sport.owl#ashley-barnes>,"ashley barnes"@en
<http://bk.sport.owl#ashley-barnes>,"Ashley Barnes"@en
<http://bk.sport.owl#bournemouth>,"Bournemouth"@en
<http://bk.sport.owl#thomas-sorensen>,"Thomas Sorensen"@en
<http://bk.sport.owl#andrea-pirlo>,"Andrea Pirlo"@en
<http://bk.sport.owl#mark-hughes>,"Mark Hughes"
<http://bk.sport.owl#mark-hughes>,"Mark Hughes"@en
<http://bk.sport.owl#jota>,"Jota"@en
<http://bk.sport.owl#jota>,"jota"@en
<http://bk.sport.owl#stefan-savic>,"Stefan Savic"@en
<http://bk.sport.owl#stefan-savic>,"stefan savic"@en
<http://bk.sport.owl#stefan-savic>,"Savic"
<http://bk.sport.owl#alvaro-morata>,"Alvaro Morata"@en
<http://bk.sport.owl#alvaro-morata>,"alvaro morata"@en
<http://bk.sport.owl#chesterfield>,"Chesterfield"@en
<http://bk.sport.owl#brek-shea>,"Brek Shea"@en
<http://bk.sport.owl#werder-bremen-fc>,"Werder Bremen"@en
<http://bk.sport.owl#michael-keane>,"Michael Keane"@en
<http://bk.sport.owl#michael-keane>,"michael keane"@en
<http://bk.sport.owl#edinson-cavani>,"edinson cavani"@en
<http://bk.sport.owl#edinson-cavani>,"Edinson Cavani"@en
<http://bk.sport.owl#edinson-cavani>,"Cavani"
<http://bk.sport.owl#robinho>,"robinho"@en
<http://bk.sport.owl#robinho>,"Robinho"@en
<http://bk.sport.owl#bastian-schweinsteiger>,"Schweinsteiger"
<http://bk.sport.owl#bastian-schweinsteiger>,"Bastian Schweinsteiger"@en
<http://bk.sport.owl#bertrand-traore>,"Bertrand Traore"@en
<http://bk.sport.owl#bertrand-traore>,"bertrand traore"@en
<http://bk.sport.owl#hendrik-somaeb>,"hendrik somaeb"@en
<http://bk.sport.owl#hendrik-somaeb>,"Hendrik Somaeb"@en
<http://bk.sport.owl#jermaine-jenas>,"Jermaine Jenas"@en
<http://bk.sport.owl#jonas>,"jonas"@en
<http://bk.sport.owl#jonas>,"Jonas"@en
<http://bk.sport.owl#charles>,"Charles"@en
<http://bk.sport.owl#charles>,"charles"@en
<http://bk.sport.owl#charles>,"Charles"
<http://bk.sport.owl#blackpool-fc>,"Blackpool"@en
<http://bk.sport.owl#mk-dons-fc>,"MK Dons"@en
<http://bk.sport.owl#bernardo>,"bernardo"@en
<http://bk.sport.owl#bernardo>,"Bernardo"@en
<http://bk.sport.owl#manchester-united>,"Manchester United"@en
<http://bk.sport.owl#carlos>,"carlos"@en
<http://bk.sport.owl#gonzalo-higuain>,"gonzalo higuain"@en
<http://bk.sport.owl#juanfran>,"juanfran"@en
<http://bk.sport.owl#juanfran>,"Juanfran"@en
<http://bk.sport.owl#juanfran>,"Juanfran"
<http://bk.sport.owl#ciaran-clark>,"ciaran clark"@en
<http://bk.sport.owl#ciaran-clark>,"Ciaran Clark"@en
<http://bk.sport.owl#ciaran-clark>,"Clark"
<http://bk.sport.owl#fubball-bundesliga>,"Fu\u00DFball-Bundesliga"@en
<http://bk.sport.owl#alan-smith>,"Alan Smith"@en
<http://bk.sport.owl#andrea-barzagli>,"Andrea Barzagli"@en
<http://bk.sport.owl#andrea-barzagli>,"andrea barzagli"@en
<http://bk.sport.owl#andrea-barzagli>,"Barzagli"
<http://bk.sport.owl#memphis-depay>,"Memphis Depay"@en
<http://bk.sport.owl#memphis-depay>,"memphis depay"@en
<http://bk.sport.owl#memphis-depay>,"Depay"
<http://bk.sport.owl#stefan-kiessling>,"Stefan Kiessling"@en
<http://bk.sport.owl#danny-mullen>,"Danny Mullen"@en
<http://bk.sport.owl#danny-mullen>,"danny mullen"@en
<http://bk.sport.owl#steven-davis>,"Steven Davis"@en
<http://bk.sport.owl#steven-davis>,"steven davis"@en
<http://bk.sport.owl#steven-davis>,"Davis"
<http://bk.sport.owl#arsenal>,"Arsenal FC"@en
<http://bk.sport.owl#arsenal>,"Arsenal"@en
<http://bk.sport.owl#chris-dagnall>,"Chris Dagnall"@en
<http://bk.sport.owl#jack-wilshere>,"Jack Wilshere"@en
<http://bk.sport.owl#jack-wilshere>,"jack wilshere"@en
<http://bk.sport.owl#jack-wilshere>,"Wilshere"
<http://bk.sport.owl#gary-caldwell>,"Gary Caldwell"@en
<http://bk.sport.owl#emre-can>,"Emre Can"@en
<http://bk.sport.owl#emre-can>,"emre can"@en
<http://bk.sport.owl#emre-can>,"Can"
<http://bk.sport.owl#muriel>,"Muriel"@en
<http://bk.sport.owl#muriel>,"muriel"@en
<http://bk.sport.owl#samir>,"samir"@en
<http://bk.sport.owl#samir>,"Samir"@en
<http://bk.sport.owl#patrick-van-aanholt>,"Patrick van Aanholt"@en
<http://bk.sport.owl#patrick-van-aanholt>,"patrick van aanholt"@en
<http://bk.sport.owl#patrick-van-aanholt>,"Aanholt"
<http://bk.sport.owl#mohamed-elneny>,"Mohamed Elneny"@en
<http://bk.sport.owl#mohamed-elneny>,"mohamed elneny"@en
<http://bk.sport.owl#jesus-corona>,"jesus corona"@en
<http://bk.sport.owl#alex-iwobi>,"alex iwobi"@en
<http://bk.sport.owl#alex-iwobi>,"Alex Iwobi"@en
<http://bk.sport.owl#brighton-hove-albion-fc>,"Brighton and Hove Albion"@en
<http://bk.sport.owl#timo-werner>,"Timo Werner"@en
<http://bk.sport.owl#timo-werner>,"timo werner"@en
<http://bk.sport.owl#timo-werner>,"Werner"
<http://bk.sport.owl#torino>,"Torino"@en
<http://bk.sport.owl#torino>,"Torino FC"@en
<http://bk.sport.owl#tommie-hoban>,"tommie hoban"@en
<http://bk.sport.owl#tommie-hoban>,"Tommie Hoban"@en
<http://bk.sport.owl#barcelona>,"Barcelona"@en
<http://bk.sport.owl#real-madrid>,"Real Madrid"@en
<http://bk.sport.owl#accrington-stanley>,"Accrington Stanley"@en
<http://bk.sport.owl#leyton-orient>,"Leyton Orient"@en
<http://bk.sport.owl#afc-bournemouth>,"AFC Bournemouth"@en
<http://bk.sport.owl#aviva-football-stadium>,"Aviva Stadium"@en
<http://bk.sport.owl#lyle-taylor>,"Lyle"@en
<http://bk.sport.owl#manuel-lanzini>,"manuel lanzini"@en
<http://bk.sport.owl#manuel-lanzini>,"Manuel Lanzini"@en
<http://bk.sport.owl#manuel-lanzini>,"Lanzini"
<http://bk.sport.owl#ciro-immobile>,"ciro immobile"@en
<http://bk.sport.owl#ciro-immobile>,"Ciro Immobile"@en
<http://bk.sport.owl#ciro-immobile>,"Immobile"
<http://bk.sport.owl#carlos-bacca>,"Carlos Bacca"@en
<http://bk.sport.owl#carlos-bacca>,"carlos bacca"@en
<http://bk.sport.owl#carlos-bacca>,"Bacca"
<http://bk.sport.owl#jordan-pickford>,"jordan pickford"@en
<http://bk.sport.owl#jordan-pickford>,"Jordan Pickford"@en
<http://bk.sport.owl#sunderland>,"Sunderland"@en
<http://bk.sport.owl#stephen-ward>,"stephen ward"@en
<http://bk.sport.owl#stephen-ward>,"Stephen Ward"@en
<http://bk.sport.owl#tom-heaton>,"tom heaton"@en
<http://bk.sport.owl#tom-heaton>,"Tom Heaton"@en
<http://bk.sport.owl#tom-cairney>,"Tom Cairney"@en
<http://bk.sport.owl#tom-cairney>,"tom cairney"@en
<http://bk.sport.owl#casemiro>,"casemiro"@en
<http://bk.sport.owl#casemiro>,"Casemiro"@en
<http://bk.sport.owl#casemiro>,"Casemiro"
<http://bk.sport.owl#massimo-donati>,"Massimo Donati"@en
<http://bk.sport.owl#steve-sidwell>,"Steve Sidwell"@en
<http://bk.sport.owl#steve-sidwell>,"Sidwell"
<http://bk.sport.owl#stanley-amuzie>,"Stanley Amuzie"@en
<http://bk.sport.owl#melbourne-city>,"Melbourne City"@en
<http://bk.sport.owl#alfred-duncan>,"alfred duncan"@en
<http://bk.sport.owl#alfred-duncan>,"Alfred Duncan"@en
<http://bk.sport.owl#alfred-duncan>,"Duncan"
<http://bk.sport.owl#the-valley-football-stadium>,"The Valley"@en
<http://bk.sport.owl#leandro-bacuna>,"leandro bacuna"@en
<http://bk.sport.owl#leandro-bacuna>,"Leandro Bacuna"@en
<http://bk.sport.owl#leandro-bacuna>,"Bacuna"
<http://bk.sport.owl#riccardo-montolivo>,"Riccardo Montolivo"@en
<http://bk.sport.owl#riccardo-montolivo>,"riccardo montolivo"@en
<http://bk.sport.owl#riccardo-montolivo>,"Montolivo"
<http://bk.sport.owl#kingsley-coman>,"kingsley coman"@en
<http://bk.sport.owl#kingsley-coman>,"Kingsley Coman"@en
<http://bk.sport.owl#kingsley-coman>,"Coman"
<http://bk.sport.owl#javier-aquino>,"Javier Aquino"@en
<http://bk.sport.owl#christian-fuchs>,"Christian Fuchs"@en
<http://bk.sport.owl#christian-fuchs>,"christian fuchs"@en
<http://bk.sport.owl#christian-fuchs>,"Fuchs"
<http://bk.sport.owl#louis-van-gaal>,"Louis Van Gaal"@en
<http://bk.sport.owl#william-carvalho>,"william carvalho"@en
<http://bk.sport.owl#william-carvalho>,"William Carvalho"@en
<http://bk.sport.owl#rangers>,"Rangers FC"@en
<http://bk.sport.owl#pablo-sarabia>,"Pablo Sarabia"@en
<http://bk.sport.owl#pablo-sarabia>,"pablo sarabia"@en
<http://bk.sport.owl#pablo-sarabia>,"Sarabia"
<http://bk.sport.owl#jon-flanagan>,"Jon Flanagan"@en
<http://bk.sport.owl#jon-flanagan>,"jon flanagan"@en
<http://bk.sport.owl#jon-flanagan>,"Flanagan"
<http://bk.sport.owl#jack-stephens>,"jack stephens"@en
<http://bk.sport.owl#jack-stephens>,"Jack Stephens"@en
<http://bk.sport.owl#liverpool>,"Liverpool FC"@en
<http://bk.sport.owl#liverpool>,"Liverpool"@en
<http://bk.sport.owl#silvio>,"silvio"@en
<http://bk.sport.owl#melbourne-city-fc>,"Melbourne City"@en
<http://bk.sport.owl#alejandro-faurlin>,"Alejandro Faurlin"@en
<http://bk.sport.owl#sebastien-haller>,"sebastien haller"@en
<http://bk.sport.owl#ray-wilkins>,"Ray Wilkins"@en
<http://bk.sport.owl#declan-rice>,"Declan Rice"@en
<http://bk.sport.owl#declan-rice>,"declan rice"@en
<http://bk.sport.owl#will-keane>,"Will Keane"@en
<http://bk.sport.owl#yussuf-poulsen>,"Yussuf Poulsen"@en
<http://bk.sport.owl#yussuf-poulsen>,"yussuf poulsen"@en
<http://bk.sport.owl#shrewsbury-town-fc>,"Shrewsbury Town"@en
<http://bk.sport.owl#juan-mata>,"Juan Mata"@en
<http://bk.sport.owl#juan-mata>,"juan mata"@en
<http://bk.sport.owl#juan-mata>,"Mata"
<http://bk.sport.owl#gareth-mcauley>,"gareth mcauley"@en
<http://bk.sport.owl#gareth-mcauley>,"Gareth McAuley"@en
<http://bk.sport.owl#gareth-mcauley>,"McAuley"
<http://bk.sport.owl#matt-smith>,"Matt Smith"@en
<http://bk.sport.owl#michael-dawson>,"Michael Dawson"@en
<http://bk.sport.owl#malaga>,"Malaga"@en
<http://bk.sport.owl#luke-steele>,"Luke Steele"@en
<http://bk.sport.owl#wayne-routledge>,"Wayne Routledge"@en
<http://bk.sport.owl#wayne-routledge>,"Routledge"
<http://bk.sport.owl#ligue-1>,"Ligue 1"@en
<http://bk.sport.owl#harry-redknapp>,"Harry Redknapp"@en
<http://bk.sport.owl#michael-turner>,"Michael Turner"@en
<http://bk.sport.owl#michael-turner>,"Turner"
<http://bk.sport.owl#ritchie-de-laet>,"Ritchie De Laet"@en
<http://bk.sport.owl#ritchie-de-laet>,"Laet"
<http://bk.sport.owl#kevin-de-bruyne>,"kevin de bruyne"@en
<http://bk.sport.owl#kevin-de-bruyne>,"Kevin De Bruyne"@en
<http://bk.sport.owl#kevin-de-bruyne>,"Bruyne"
<http://bk.sport.owl#gianluigi-donnarumma>,"gianluigi donnarumma"@en
<http://bk.sport.owl#gianluigi-donnarumma>,"Gianluigi Donnarumma"@en
<http://bk.sport.owl#gianluigi-donnarumma>,"Donnarumma"
<http://bk.sport.owl#middlesbrough>,"Middlesbrough"@en
<http://bk.sport.owl#scott-hogan>,"Scott Hogan"@en
<http://bk.sport.owl#lee-wallace>,"Lee Wallace"@en
<http://bk.sport.owl#lee-wallace>,"lee wallace"@en
<http://bk.sport.owl#lloyd-dyer>,"Lloyd Dyer"@en
<http://bk.sport.owl#lloyd-dyer>,"Dyer"
<http://bk.sport.owl#rachid-ghezzal>,"rachid ghezzal"@en
<http://bk.sport.owl#rachid-ghezzal>,"Rachid Ghezzal"@en
<http://bk.sport.owl#rachid-ghezzal>,"Ghezzal"
<http://bk.sport.owl#paul-scholes>,"Paul Scholes"@en
<http://bk.sport.owl#andreas-christensen>,"Christensen"
<http://bk.sport.owl#andreas-christensen>,"Andreas Christensen"@en
<http://bk.sport.owl#andreas-christensen>,"andreas christensen"@en
<http://bk.sport.owl#bristol-city>,"Bristol City"@en
<http://bk.sport.owl#heung-min-son>,"Son Heung-min"@en
<http://bk.sport.owl#heung-min-son>,"heung min son"@en
<http://bk.sport.owl#heung-min-son>,"Son"
<http://bk.sport.owl#simon-mignolet>,"Simon Mignolet"@en
<http://bk.sport.owl#simon-mignolet>,"simon mignolet"@en
<http://bk.sport.owl#simon-mignolet>,"Mignolet"
<http://bk.sport.owl#galatasaray>,"Galatasaray"@en
<http://bk.sport.owl#chancel-mbemba>,"chancel mbemba"@en
<http://bk.sport.owl#chancel-mbemba>,"Chancel Mbemba"@en
<http://bk.sport.owl#chancel-mbemba>,"Mbemba"
<http://bk.sport.owl#middlesbrough-fc>,"Middlesbrough"@en
<http://bk.sport.owl#chesterfield-fc>,"Chesterfield"@en
<http://bk.sport.owl#chelsea-fc>,"Chelsea"@en
<http://bk.sport.owl#luis-suarez>,"Luis Suarez"@en
<http://bk.sport.owl#luis-suarez>,"luis suarez"@en
<http://bk.sport.owl#wilfried-zaha>,"Wilfried Zaha"@en
<http://bk.sport.owl#wilfried-zaha>,"wilfried zaha"@en
<http://bk.sport.owl#wilfried-zaha>,"Zaha"
<http://bk.sport.owl#mark-bunn>,"Mark Bunn"@en
<http://bk.sport.owl#mark-bunn>,"Bunn"
<http://bk.sport.owl#clint-hill>,"Clint Hill"@en
<http://bk.sport.owl#mark-milligan>,"Mark Milligan"@en
<http://bk.sport.owl#mark-milligan>,"mark milligan"@en
<http://bk.sport.owl#luke-shaw>,"luke shaw"@en
<http://bk.sport.owl#luke-shaw>,"Luke Shaw"@en
<http://bk.sport.owl#luke-shaw>,"Shaw"
<http://bk.sport.owl#ryan-inniss>,"Ryan Inniss"@en
<http://bk.sport.owl#ryan-inniss>,"ryan inniss"@en
<http://bk.sport.owl#rotherham-united-fc>,"Rotherham United F.C"@en
<http://bk.sport.owl#wes-morgan>,"Wes Morgan"@en
<http://bk.sport.owl#wes-morgan>,"wes morgan"@en
<http://bk.sport.owl#wes-morgan>,"Morgan"
<http://bk.sport.owl#morgan-schneiderlin>,"Schneiderlin"
<http://bk.sport.owl#morgan-schneiderlin>,"Morgan Schneiderlin"@en
<http://bk.sport.owl#morgan-schneiderlin>,"morgan schneiderlin"@en
<http://bk.sport.owl#franck-tabanou>,"Franck Tabanou"@en
<http://bk.sport.owl#franck-tabanou>,"franck tabanou"@en
<http://bk.sport.owl#franck-tabanou>,"Tabanou"
<http://bk.sport.owl#winston-reid>,"Winston Reid"@en
<http://bk.sport.owl#winston-reid>,"winston reid"@en
<http://bk.sport.owl#winston-reid>,"Reid"
<http://bk.sport.owl#stade-velodrome-football-stadium>,"Stade V\u00E9lodrome"@en
<http://bk.sport.owl#harry-kane>,"harry kane"@en
<http://bk.sport.owl#harry-kane>,"Harry Kane"@en
<http://bk.sport.owl#harry-kane>,"Kane"
<http://bk.sport.owl#mathew-leckie>,"mathew leckie"@en
<http://bk.sport.owl#mathew-leckie>,"Leckie"
<http://bk.sport.owl#nicolas-de-preville>,"Nicolas De Preville"@en
<http://bk.sport.owl#nicolas-de-preville>,"nicolas de preville"@en
<http://bk.sport.owl#kieran-agard>,"Kieran Agard"@en
<http://bk.sport.owl#stephen-henderson>,"Stephen Henderson"@en
<http://bk.sport.owl#queens-park-rangers>,"Queens Park Rangers"@en
<http://bk.sport.owl#mark-warburton>,"Mark Warburton"@en
<http://bk.sport.owl#n'golo-kante>,"n'golo kante"@en
<http://bk.sport.owl#marley-watkins>,"Marley Watkins"@en
<http://bk.sport.owl#abraham>,"Abraham"@en
<http://bk.sport.owl#villa-park-football-stadium>,"Villa Park"@en
<http://bk.sport.owl#levin-oztunali>,"levin oztunali"@en
<http://bk.sport.owl#levin-oztunali>,"oztunali"
<http://bk.sport.owl#tommy-elphick>,"Tommy Elphick"@en
<http://bk.sport.owl#tommy-elphick>,"Elphick"
<http://bk.sport.owl#hull-city-fc>,"Hull City"@en
<http://bk.sport.owl#amsterdamsche-football-club-ajax-fc>,"Amsterdamsche Football Club Ajax"@en
<http://bk.sport.owl#football-league-two>,"Football League Two"@en
<http://bk.sport.owl#dimitri-payet>,"dimitri payet"@en
<http://bk.sport.owl#dimitri-payet>,"Dimitri Payet"@en
<http://bk.sport.owl#dimitri-payet>,"Payet"
<http://bk.sport.owl#nathan-ake>,"nathan ake"@en
<http://bk.sport.owl#nathan-ake>,"Nathan Ake"@en
<http://bk.sport.owl#john-dempster>,"John Dempster"@en
<http://bk.sport.owl#saints>,"Saints"@en
<http://bk.sport.owl#niklas-sule>,"niklas sule"@en
<http://bk.sport.owl#mario-barwuah-balotelli>,"Mario Barwuah Balotelli"@en
<http://bk.sport.owl#world-cup>,"World Cup"@en
<http://bk.sport.owl#santi-mina>,"santi mina"@en
<http://bk.sport.owl#santi-mina>,"Santi Mina"@en
<http://bk.sport.owl#santi-mina>,"Mina"
<http://bk.sport.owl#ben-davies>,"ben davies"@en
<http://bk.sport.owl#ben-davies>,"Ben Davies"@en
<http://bk.sport.owl#ben-davies>,"Davies"
<http://bk.sport.owl#gabriel>,"Gabriel"@en
<http://bk.sport.owl#gabriel>,"gabriel"@en
<http://bk.sport.owl#gabriel>,"Gabriel"
<http://bk.sport.owl#ben-gibson>,"ben gibson"@en
<http://bk.sport.owl#ben-gibson>,"Ben Gibson"@en
<http://bk.sport.owl#emil-forsberg>,"Emil Forsberg"@en
<http://bk.sport.owl#emil-forsberg>,"emil forsberg"@en
<http://bk.sport.owl#guingamp-fc>,"Guingamp"@en
<http://bk.sport.owl#ravel-morrison>,"ravel morrison"@en
<http://bk.sport.owl#ravel-morrison>,"Ravel Morrison"@en
<http://bk.sport.owl#ravel-morrison>,"Morrison"
<http://bk.sport.owl#jamie-vardy>,"Jamie Vardy"@en
<http://bk.sport.owl#jamie-vardy>,"jamie vardy"@en
<http://bk.sport.owl#jamie-vardy>,"Vardy"
<http://bk.sport.owl#arjen-robben>,"Arjen Robben"@en
<http://bk.sport.owl#arjen-robben>,"arjen robben"@en
<http://bk.sport.owl#arjen-robben>,"Robben"
